key,ja,en,
login.php_10行目_英単語並べ替え問題LMS,英単語並べ替え問題LMS,English Word Reordering Problem LMS,
login.php_126行目_ユーザーID,ユーザーID,User ID,
login.php_130行目_パスワード,パスワード,Password,
login.php_134行目_ログイン,ログイン,Login,
logo_image_path,logo.png,logo_en.png,
logout.php_8行目_英単語並べ替え問題LMS,英単語並べ替え問題LMS,English Word Reordering Problem LMS,
logout.php_36行目_正常にログアウトしました,正常にログアウトしました,You have been successfully logged out.,
logout.php_37行目_ログイン画面へ戻る,ログイン画面へ戻る,Return to Login Screen,
teachertrue.php_7行目_教育用ダッシュボード,教育用ダッシュボード,Teacher's Dashboard,
teachertrue.php_21行目_英単語並べ替え問題LMS,英単語並べ替え問題LMS,English Word Reordering Problem LMS,
teachertrue.php_24行目_ホーム,ホーム,Home,
teachertrue.php_25行目_迷い推定・機械学習,迷い推定・機械学習,Estimating Hesitation / Machine Learning,
teachertrue.php_30行目_新規学生登録,新規学習者登録,Registration for New Learners,
teachertrue.php_31行目_ログアウト,ログアウト,Logout,
teachertrue.php_39行目_ホーム,ホーム,Home,
teachertrue.php_40行目_迷い推定・機械学習,迷い推定・機械学習,Estimating Hesitation / Machine Learning,
teachertrue.php_45行目_新規学生登録,新規学習者登録,Registration for New Learners,
teachertrue.php_51行目_お知らせ,お知らせ,Notifications,
teachertrue.php_67行目_お知らせ作成,お知らせ作成,Create Notifications,
teachertrue.php_72行目_グループ別データ,グループ別データ,Data by Group,
teachertrue.php_74行目_学習者グルーピング作成,学習者グルーピング作成,Create Learner Grouping,
teachertrue.php_100行目_迷い推定結果,迷い推定結果,Results of hesitation estimation,
teachertrue.php_156行目_学習者グループがありません,学習者グループがありません,No learner groups exist.,
teachertrue.php_175行目_特徴量を選択してください,特徴量を選択してください,Select features.,
teachertrue.php_177行目_不正解率 (%),不正解率 (%),Incorrect Rate (%),
teachertrue.php_178行目_解答時間 (秒),解答時間 (秒),Answer Time (s),
teachertrue.php_179行目_距離,距離,Distance,
teachertrue.php_180行目_平均速度,平均速度,Average Speed,
teachertrue.php_181行目_最高速度,最高速度,Max Speed,
teachertrue.php_182行目_考慮時間,考慮時間,Thinking Time,
teachertrue.php_183行目_第一ドロップ後解答時間,第一ドロップ後解答時間,Time after First Drop,
teachertrue.php_184行目_合計静止時間,合計静止時間,Total Paused Time,
teachertrue.php_185行目_最大静止時間,最大静止時間,Max Paused Time,
teachertrue.php_186行目_合計DD間時間,合計DD間時間,Total Time between D&D,
teachertrue.php_187行目_最大DD間時間,最大DD間時間,Max Time between D&D,
teachertrue.php_188行目_合計DD時間,合計DD時間,Total D&D Time,
teachertrue.php_189行目_最小DD時間,最小DD時間,Min D&D Time,
teachertrue.php_190行目_合計DD回数,合計DD回数,Total D&D Count,
teachertrue.php_191行目_グループ化DD回数,グループ化DD回数,Grouped D&D Count,
teachertrue.php_192行目_グループ化有無,グループ化有無,With/Without Grouping,
teachertrue.php_193行目_x軸Uターン回数,x軸Uターン回数,X-axis U-turn Count,
teachertrue.php_194行目_y軸Uターン回数,y軸Uターン回数,Y-axis U-turn Count,
teachertrue.php_195行目_レジスタ➡レジスタへの移動回数,レジスタ➡レジスタへの移動回数,Register -> Register Move Count,
teachertrue.php_196行目_レジスタ➡レジスタ外への移動回数,レジスタ➡レジスタ外への移動回数,Register -> Out of Register Move Count,
teachertrue.php_197行目_レジスタ外➡レジスタへの移動回数,レジスタ外➡レジスタへの移動回数,Out of Register -> Register Move Count,
teachertrue.php_198行目_レジスタ➡レジスタへの移動有無,レジスタ➡レジスタへの移動有無,With/Without Register -> Register Move,
teachertrue.php_199行目_レジスタ➡レジスタ外への移動有無,レジスタ➡レジスタ外への移動有無,With/Without Register -> Out of Register Move,
teachertrue.php_200行目_レジスタ外➡レジスタへの移動有無,レジスタ外➡レジスタへの移動有無,With/Without Out of Register -> Register Move,
teachertrue.php_201行目_レジスタに関する合計の移動回数,レジスタに関する合計の移動回数,Total Moves Related to Registers,
teachertrue.php_202行目_x軸UターンD&D回数,x軸UターンD&D回数,X-axis U-turn D&D Count,
teachertrue.php_203行目_y軸UターンD&D回数,y軸UターンD&D回数,Y-axis U-turn D&D Count,
teachertrue.php_204行目_最終ドロップ後時間,最終ドロップ後時間,Time after Last Drop,
teachertrue.php_205行目_適用,適用,Apply,
teachertrue.php_214行目_クラスタ数を入力してください,クラスタ数を入力してください,Enter the number of clusters.,
teachertrue.php_216行目_クラスタリング手法を選択してください,クラスタリング手法を選択してください,Select a clustering method.,
teachertrue.php_217行目_クラスタリング手法,クラスタリング手法:,Clustering Method,
teachertrue.php_223行目_クラスタリング特徴量を選択してください,クラスタリング特徴量を選択してください,Select clustering features.,
teachertrue.php_226行目_解答時間 (秒),解答時間 (秒),Answer Time (s),
teachertrue.php_227行目_距離,距離,Distance,
teachertrue.php_228行目_平均速度,平均速度,Average Speed,
teachertrue.php_229行目_最大速度,最大速度,Max Speed,
teachertrue.php_230行目_第一ドラッグ前時間,第一ドラッグ前時間,Time before First Drag,
teachertrue.php_231行目_第一ドラッグ後時間,第一ドラッグ後時間,Time after First Drag,
teachertrue.php_232行目_合計静止時間,合計静止時間,Total Paused Time,
teachertrue.php_233行目_最大静止時間,最大静止時間,Max Paused Time,
teachertrue.php_234行目_合計D&D間時間,合計D&D間時間,Total Time between D&D,
teachertrue.php_235行目_最大D&D間時間,最大D&D間時間,Max Time between D&D,
teachertrue.php_236行目_合計D&D時間,合計D&D時間,Total D&D Time,
teachertrue.php_237行目_最小D&D時間,最小D&D時間,Min D&D Time,
teachertrue.php_238行目_合計D&D回数,合計D&D回数,Total D&D Count,
teachertrue.php_239行目_グループ化回数,グループ化回数,Grouping Count,
teachertrue.php_240行目_グループ化有無,グループ化有無,With/Without Grouping,
teachertrue.php_241行目_x軸Uターン回数,x軸Uターン回数,X-axis U-turn Count,
teachertrue.php_242行目_y軸Uターン回数,y軸Uターン回数,Y-axis U-turn Count,
teachertrue.php_243行目_レジスタ➡レジスタへの移動回数,レジスタ➡レジスタへの移動回数,Register -> Register Move Count,
teachertrue.php_244行目_レジスタ➡レジスタ外への移動回数,レジスタ➡レジスタ外への移動回数,Register -> Out of Register Move Count,
teachertrue.php_245行目_レジスタ外➡レジスタへの移動回数,レジスタ外➡レジスタへの移動回数,Out of Register -> Register Move Count,
teachertrue.php_246行目_レジスタ➡レジスタへの移動有無,レジスタ➡レジスタへの移動有無,With/Without Register -> Register Move,
teachertrue.php_247行目_レジスタ➡レジスタ外への移動有無,レジスタ➡レジスタ外への移動有無,With/Without Register -> Out of Register Move,
teachertrue.php_248行目_レジスタ外➡レジスタへの移動有無,レジスタ外➡レジスタへの移動有無,With/Without Out of Register -> Register Move,
teachertrue.php_249行目_レジスタに関する合計の移動回数,レジスタに関する合計の移動回数,Total Moves Related to Registers,
teachertrue.php_250行目_x軸UターンD&D回数,x軸UターンD&D回数,X-axis U-turn D&D Count,
teachertrue.php_251行目_y軸UターンD&D回数,y軸UターンD&D回数,Y-axis U-turn D&D Count,
teachertrue.php_252行目_最終ドロップ後時間,最終ドロップ後時間,Time after Last Drop,
teachertrue.php_254行目_適用,適用,Apply,
teachertrue.php_265行目_グループに学習者が登録されていません。,グループに学習者が登録されていません。,No learners are registered in the group.,
teachertrue.php_283行目_クラスに学習者が登録されていません。,クラスに学習者が登録されていません。,No learners are registered in the class.,
teachertrue.php_339行目_ユーザー名,ユーザー名,Username,
teachertrue.php_404行目_グラフ描画特徴量,グラフ描画特徴量,Graph Plotting Features,
teachertrue.php_405行目_迷い推定,迷い推定,Hesitation Estimation,
teachertrue.php_429行目_不正解率(%),不正解率(%),Incorrect Rate (%),
teachertrue.php_430行目_解答時間(秒),解答時間(秒),Answer Time (s),
teachertrue.php_433行目_不正解率(%),不正解率(%),Incorrect Rate (%),
teachertrue.php_434行目_解答時間(秒),解答時間(秒),Answer Time (s),
teachertrue.php_489行目_不正解率と一緒にもう1つの特徴量を選択してください。,不正解率と一緒にもう1つの特徴量を選択してください。,Select another feature along with the incorrect rate.,
teachertrue.php_567行目_不正解率(%),不正解率(%),Incorrect Rate (%),
teachertrue.php_567行目_平均,平均,Average,
teachertrue.php_598行目_2つの特徴量を選択してください。,2つの特徴量を選択してください。,Select two features.,
teachertrue.php_640行目_この特徴量の説明はまだありません,この特徴量の説明はまだありません。,There is no explanation for this feature yet.,
teachertrue.php_671行目_クラス単位のデータ,クラス単位のデータ,Data by Class,
teachertrue.php_769行目_グラフ描画特徴量,グラフ描画特徴量,Graph Plotting Features,
teachertrue.php_770行目_迷い推定,迷い推定,Hesitation Estimation,
teachertrue.php_771行目_クラスタリング,クラスタリング,Clustering,
teachertrue.php_791行目_不正解率(%),不正解率(%),Incorrect Rate (%),
teachertrue.php_792行目_解答時間(秒),解答時間(秒),Answer Time (s),
teachertrue.php_795行目_不正解率(%),不正解率(%),Incorrect Rate (%),
teachertrue.php_796行目_解答時間(秒),解答時間(秒),Answer Time (s),
teachertrue.php_822行目_少なくとも1つの特徴量を選択してください。,少なくとも1つの特徴量を選択してください。,Select at least one feature.,
teachertrue.php_907行目_クラスタ,クラスタ,Cluster,
teachertrue.php_918行目_学生,学習者,Learner,
teachertrue.php_929行目_グループ化,グループ化,Grouping,
teachertrue.php_941行目_少なくとも1つのクラスタを選択してください。,少なくとも1つのクラスタを選択してください。,Select at least one cluster.,
teachertrue.php_971行目_選択されたクラスタのグループ化が完了しました。,選択されたクラスタのグループ化が完了しました。,Grouping of the selected clusters has been completed.,
teachertrue.php_990行目_クラスタリング機能によりグルーピングされた学習者群は...,クラスタリング機能によりグルーピングされた学習者群は、ベータ機能のため誤ったグルーピングが行われている可能性があります。クラスタリング結果のグラフを確認し，明らかに誤ったグルーピングがある場合は，特徴量を変更し，再度クラスタリングを実行してください。,"Be aware that because the clustering function is a beta feature, the resulting learner groups may be inaccurate. Please review the graph of the clustering results. If you find that a group is clearly incorrect, please change the selected features and run the clustering process again.",
teachertrue.php_1049行目_クラスタリング結果 (PCA可視化),クラスタリング結果 (PCA可視化),Clustering Result (PCA Visualization),
teachertrue.php_1056行目_次元1,次元1,Dimension 1,
teachertrue.php_1062行目_次元2,次元2,Dimension 2,
teachertrue.php_1075行目_新規問題・テスト作成,新規問題・テスト作成,Create New Problem/Test,
teachertrue.php_1077行目_新規英語問題作成,新規英語問題作成,Create New English Problem,
teachertrue.php_1078行目_新規日本語問題作成,新規日本語問題作成,Create New Japanese Problem,
teachertrue.php_1080行目_新規英語テスト作成,新規英語テスト作成,Create New English Test,
teachertrue.php_1081行目_新規日本語テスト作成,新規日本語テスト作成,Create New Japanese Test,
teachertrue.php_前回の迷い推定結果,前回の迷い推定結果,Previous hesitation estimation results,
teachertrue.php_軌跡再現,軌跡再現,Trajectory Reproduction,
teachertrue.php_前回の推定結果はありません。,前回の推定結果はありません。,No previous hesitation estimation results found.,
teachertrue.php_こちら,こちら,Click here,
teachertrue.php_から推定を実行してください。,から推定を実行してください。,to run the estimation.,
teachertrue.php_46行目_教師-クラス登録,教師-クラス登録,Teacher - Class Registration,
create-assignment.php_7行目_教育用ダッシュボード,教育用ダッシュボード,Teacher's Dashboard,
create-assignment.php_20行目_英単語並べ替え問題LMS,英単語並べ替え問題LMS,English Word Reordering Problem LMS,
create-assignment.php_23行目_ホーム,ホーム,Home,
create-assignment.php_24行目_コース管理,コース管理,Course Management,
create-assignment.php_25行目_迷い推定・機械学習,迷い推定・機械学習,Estimating Hesitation / Machine Learning,
create-assignment.php_26行目_学生分析,学習者分析,Learner Analysis,
create-assignment.php_27行目_問題分析,問題分析,Problem Analysis,
create-assignment.php_34行目_ホーム,ホーム,Home,
create-assignment.php_35行目_迷い推定・機械学習,迷い推定・機械学習,Estimating Hesitation / Machine Learning,
create-assignment.php_36行目_学生分析,学習者分析,Learner Analysis,
create-assignment.php_37行目_問題分析,問題分析,Problem Analysis,
create-assignment.php_42行目_ここに課題を作成するコンテンツをいれる,ここに課題を作成するコンテンツをいれる,Content to create the assignment will be placed here.,
create-notification.php_5行目_教師用ダッシュボード,教師用ダッシュボード,Teacher's Dashboard,
create-notification.php_19行目_英単語並べ替え問題LMS,英単語並べ替え問題LMS,English Word Reordering Problem LMS,
create-notification.php_22行目_ホーム,ホーム,Home,
create-notification.php_23行目_迷い推定・機械学習,迷い推定・機械学習,Estimating Hesitation / Machine Learning,
create-notification.php_30行目_ホーム,ホーム,Home,
create-notification.php_31行目_迷い推定・機械学習,迷い推定・機械学習,Estimating Hesitation / Machine Learning,
create-notification.php_38行目_お知らせ登録フォーム,お知らせ登録フォーム,Notification Registration Form,
create-notification.php_42行目_宛先:,宛先:,To:,
create-notification.php_44行目_全員,全員,All,
create-notification.php_45行目_特定のクラス,特定のクラス,Specific Class,
create-notification.php_46行目_特定のグループ,特定のグループ,Specific Group,
create-notification.php_47行目_特定の学生,特定の学習者,Specific Learner,
create-notification.php_53行目_対象を選択:,対象を選択:,Select Target:,
create-notification.php_60行目_件名:,件名:,Subject:,
create-notification.php_61行目_件名を入力してください,件名を入力してください,Enter a subject.,
create-notification.php_64行目_お知らせ内容:,お知らせ内容:,Message:,
create-notification.php_65行目_お知らせ内容を入力してください,お知らせ内容を入力してください,Enter the message content.,
create-notification.php_68行目_お知らせを登録,お知らせを登録,Register Notification,
create-notification.php_97行目_学生リストを取得できませんでした。,学習者リストを取得できませんでした。,Could not retrieve learner list.,
create-student-group.php_6行目_教師用ダッシュボード,教師用ダッシュボード,Teacher's Dashboard,
create-student-group.php_19行目_英単語並べ替え問題LMS,英単語並べ替え問題LMS,English Word Reordering Problem LMS,
create-student-group.php_22行目_ホーム,ホーム,Home,
create-student-group.php_23行目_迷い推定・機械学習,迷い推定・機械学習,Estimating Hesitation / Machine Learning,
create-student-group.php_30行目_ホーム,ホーム,Home,
create-student-group.php_31行目_迷い推定・機械学習,迷い推定・機械学習,Estimating Hesitation / Machine Learning,
create-student-group.php_37行目_学生グループ作成,学習者グループ作成,Create Learner Group,
create-student-group.php_41行目_絞り込みフォーム,絞り込みフォーム,Filter Form,
create-student-group.php_46行目_すべて選択,すべて選択,Select All,
create-student-group.php_47行目_すべて解除,すべて解除,Deselect All,
create-student-group.php_61行目_名前:,名前:,Name:,
create-student-group.php_85行目_正解率 (%):,正解率 (%):,Correct Rate (%):,
create-student-group.php_86行目_最小値,最小値,Min Value,
create-student-group.php_87行目_最大値,最大値,Max Value,
create-student-group.php_89行目_迷い率:,迷い率:,Hesitation Rate:,
create-student-group.php_90行目_最小値,最小値,Min Value,
create-student-group.php_91行目_最大値,最大値,Max Value,
create-student-group.php_94行目_問題解答数:,問題解答数:,Number of Problems Answered:,
create-student-group.php_95行目_最小値,最小値,Min Value,
create-student-group.php_96行目_最大値,最大値,Max Value,
create-student-group.php_99行目_検索,検索,Search,
create-student-group.php_102行目_グループ名:,グループ名:,Group Name:,
create-student-group.php_105行目_学生リスト:,学習者リスト:,Learner List:,
create-student-group.php_133行目_名前:,名前:,Name:,
create-student-group.php_134行目_正解率:,正解率:,Correct Rate:,
create-student-group.php_135行目_迷い率:,迷い率:,Hesitation Rate:,
create-student-group.php_136行目_解答数:,解答数:,Number of Answers:,
create-student-group.php_141行目_グループを作成,グループを作成,Create Group,
create-student-group.php_144行目_現在のグループ,現在のグループ,Current Groups,
create-student-group.php_161行目_このグループを削除してよろしいですか？,このグループを削除してよろしいですか？,Are you sure you want to delete this group?,
create-student-group.php_161行目_削除,削除,Delete,
create-test.php_6行目_教師用ダッシュボード,教師用ダッシュボード,Teacher's Dashboard,
create-test.php_29行目_英単語並べ替え問題LMS,英単語並べ替え問題LMS,English Word Reordering Problem LMS,
create-test.php_32行目_ホーム,ホーム,Home,
create-test.php_33行目_コース管理,コース管理,Course Management,
create-test.php_34行目_迷い推定・機械学習,迷い推定・機械学習,Estimating Hesitation / Machine Learning,
create-test.php_35行目_学生分析,学習者分析,Learner Analysis,
create-test.php_36行目_問題分析,問題分析,Problem Analysis,
"create-test.php_57行目_仮定法, 命令法","仮定法, 命令法","Subjunctive, Imperative",
"create-test.php_58行目_It, There","It, There","It, There",
create-test.php_59行目_無生物主語,無生物主語,Inanimate Subject,
create-test.php_60行目_接続詞,接続詞,Conjunctions,
create-test.php_61行目_倒置,倒置,Inversion,
create-test.php_62行目_関係詞,関係詞,Relatives,
create-test.php_63行目_間接話法,間接話法,Indirect Speech,
create-test.php_64行目_前置詞句,前置詞句,Prepositional Phrase,
create-test.php_65行目_分詞,分詞,Participles,
create-test.php_66行目_動名詞,動名詞,Gerunds,
create-test.php_67行目_不定詞,不定詞,Infinitives,
create-test.php_68行目_受動態,受動態,Passive Voice,
create-test.php_69行目_助動詞,助動詞,Auxiliary Verbs,
create-test.php_70行目_比較,比較,Comparison,
create-test.php_71行目_否定,否定,Negation,
create-test.php_72行目_後置修飾,後置修飾,Post-modification,
"create-test.php_73行目_完了形, 時制","完了形, 時制","Perfect Tense, Tense",
create-test.php_74行目_句動詞,句動詞,Phrasal Verbs,
create-test.php_75行目_挿入,挿入,Insertion,
create-test.php_76行目_使役,使役,Causative,
"create-test.php_77行目_補語, 二重目的語","補語, 二重目的語","Complement, Double Object",
"create-test.php_78行目_補語, 二重目的語_2","補語, 二重目的語","Complement, Double Object",
create-test.php_123行目_フィルタ条件を選択して下さい,フィルタ条件を選択して下さい,Select filter criteria.,
create-test.php_127行目_問題ID,問題ID,Problem ID,
create-test.php_140行目_難易度,難易度,Difficulty,
create-test.php_143行目_初級,初級,Beginner,
create-test.php_146行目_中級,中級,Intermediate,
create-test.php_149行目_上級,上級,Advanced,
create-test.php_153行目_文法項目,文法項目,Grammar Item,
"create-test.php_156行目_仮定法, 命令法"," 仮定法, 命令法","Subjunctive, Imperative",
"create-test.php_159行目_It, There"," It, There"," It, There",
create-test.php_162行目_無生物主語, 無生物主語,Inanimate Subject,
create-test.php_165行目_接続詞, 接続詞,Conjunctions,
create-test.php_167行目_倒置, 倒置,Inversion,
create-test.php_170行目_関係詞, 関係詞,Relatives,
create-test.php_173行目_間接話法, 間接話法,Indirect Speech,
create-test.php_176行目_前置詞句, 前置詞句,Prepositional Phrase,
create-test.php_178行目_分詞, 分詞,Participles,
create-test.php_181行目_動名詞, 動名詞,Gerunds,
create-test.php_184行目_不定詞, 不定詞,Infinitives,
create-test.php_187行目_受動態, 受動態,Passive Voice,
create-test.php_189行目_助動詞, 助動詞,Auxiliary Verbs,
create-test.php_192行目_比較, 比較,Comparison,
create-test.php_195行目_否定, 否定,Negation,
create-test.php_198行目_後置修飾, 後置修飾,Post-modification,
"create-test.php_200行目_完了形, 時制"," 完了形, 時制","Perfect Tense, Tense",
create-test.php_203行目_句動詞, 句動詞,Phrasal Verbs,
create-test.php_206行目_挿入, 挿入,Insertion,
create-test.php_209行目_使役, 使役,Causative,
"create-test.php_211行目_補語, 二重目的語"," 補語, 二重目的語","Complement, Double Object",
create-test.php_215行目_語数,語数,Word Count,
create-test.php_217行目_最小語数,最小語数,Min Word Count,
create-test.php_219行目_最大語数,最大語数,Max Word Count,
create-test.php_223行目_検索,検索,Search,
create-test.php_230行目_ホーム,ホーム,Home,
create-test.php_231行目_迷い推定・機械学習,迷い推定・機械学習,Estimating Hesitation / Machine Learning,
create-test.php_232行目_学生分析,学習者分析,Learner Analysis,
create-test.php_233行目_問題分析,問題分析,Problem Analysis,
create-test.php_237行目_検索フィルタ,検索フィルタ,Search Filter,
create-test.php_240行目_テストに追加する問題を選択してください,テストに追加する問題を選択してください,Select Problems to add to the test.,
create-test.php_243行目_テスト名,テスト名,Test Name,
create-test.php_247行目_対象選択：,対象選択：,Select Target:,
create-test.php_249行目_クラス,クラス,Class,
create-test.php_251行目_グループ,グループ,Grouping,
create-test.php_254行目_対象クラス,対象クラス,Target Class,
create-test.php_282行目_対象グループ,対象グループ,Target Group,
create-test.php_326行目_選択,選択,Select,
create-test.php_328行目_日本語,日本語,Japanese,
create-test.php_329行目_英文,英文,English Sentence,
create-test.php_330行目_難易度,難易度,Difficulty,
create-test.php_331行目_文法項目,文法項目,Grammar Item,
create-test.php_332行目_語数,語数,Word Count,
create-test.php_342行目_初級,初級,Beginner,
create-test.php_344行目_中級,中級,Intermediate,
create-test.php_346行目_上級,上級,Advanced,
create-test.php_348行目_難易度設定なし,難易度設定なし,No Difficulty Set,
create-test.php_369行目_該当なし,該当なし,N/A,
create-test.php_378行目_テストを作成する,テストを作成する,Create Test,
delete-student-group.php_5行目_教師用ダッシュボード,教師用ダッシュボード,Teacher's Dashboard,
delete-student-group.php_18行目_英単語並べ替え問題LMS,英単語並べ替え問題LMS,English Word Reordering Problem LMS,
delete-student-group.php_21行目_ホーム,ホーム,Home,
delete-student-group.php_22行目_コース管理,コース管理,Course Management,
delete-student-group.php_23行目_迷い推定・機械学習,迷い推定・機械学習,Estimating Hesitation / Machine Learning,
delete-student-group.php_24行目_学生分析,学習者分析,Learner Analysis,
delete-student-group.php_25行目_問題分析,問題分析,Problem Analysis,
delete-student-group.php_26行目_新規学生登録,新規学習者登録,Registration for New Learners,
delete-student-group.php_32行目_ホーム,ホーム,Home,
delete-student-group.php_33行目_コース管理,コース管理,Course Management,
delete-student-group.php_34行目_迷い推定・機械学習,迷い推定・機械学習,Estimating Hesitation / Machine Learning,
delete-student-group.php_35行目_学生分析,学習者分析,Learner Analysis,
delete-student-group.php_36行目_問題分析,問題分析,Problem Analysis,
"get_answer_info.php_8行目_仮定法, 命令法","仮定法, 命令法","Subjunctive, Imperative",
"get_answer_info.php_9行目_It, There","It, There","It, There",
get_answer_info.php_10行目_無生物主語,無生物主語,Inanimate Subject,
get_answer_info.php_11行目_接続詞,接続詞,Conjunctions,
get_answer_info.php_12行目_倒置,倒置,Inversion,
get_answer_info.php_13行目_関係詞,関係詞,Relatives,
get_answer_info.php_14行目_間接話法,間接話法,Indirect Speech,
get_answer_info.php_15行目_前置詞(句),前置詞(句),Preposition(al Phrase),
get_answer_info.php_16行目_分詞,分詞,Participles,
get_answer_info.php_17行目_動名詞,動名詞,Gerunds,
get_answer_info.php_18行目_不定詞,不定詞,Infinitives,
get_answer_info.php_19行目_受動態,受動態,Passive Voice,
get_answer_info.php_20行目_助動詞,助動詞,Auxiliary Verbs,
get_answer_info.php_21行目_比較,比較,Comparison,
get_answer_info.php_22行目_否定,否定,Negation,
get_answer_info.php_23行目_後置修飾,後置修飾,Post-modification,
"get_answer_info.php_24行目_完了形, 時制","完了形, 時制","Perfect Tense, Tense",
get_answer_info.php_25行目_句動詞(群動詞),句動詞(群動詞),Phrasal Verbs,
get_answer_info.php_26行目_挿入,挿入,Insertion,
get_answer_info.php_27行目_使役,使役,Causative,
get_answer_info.php_28行目_補語二重目的語,補語/二重目的語,Complement/Double Object,
get_answer_info.php_149行目_正解,正解,Correct,
get_answer_info.php_149行目_不正解,不正解,Incorrect,
get_answer_info.php_150行目_迷い無し,迷い無し,No Hesitation,
get_answer_info.php_151行目_迷い有り,迷い有り,Hesitation,
get_answer_info.php_151行目_不明,不明,Unknown,
get_answer_info.php_163行目_未定義,未定義,Undefined,
get_answer_info.php_186行目_不明な単語,??,Unknown Word,
get_wid.php_16行目_迷い無し,迷い無し,No Hesitation,
get_wid.php_18行目_迷い有り,迷い有り,Hesitation,
get_wid.php_20行目_不明,不明,Unknown,
get_wid.php_23行目_初級,初級,Beginner,
get_wid.php_25行目_中級,中級,Intermediate,
get_wid.php_27行目_上級,上級,Advanced,
group_students.php_11行目_グループ化するデータがありません,グループ化するデータがありません。,There is no data to group.,
group_students.php_24行目_グループ正常に作成されました,グループが正常に作成されました。,Group created successfully.,
group_students.php_30行目_学生がグループに追加されました,学習者IDがグループに追加されました。,Learner(s) added to the group.,
group_students.php_32行目_学生追加に失敗しました,学習者追加に失敗しました: ,Failed to add learner(s).,
group_students.php_36行目_グループ作成に失敗しました,グループ作成に失敗しました: ,Failed to create group.,
machineLearning_sample.php_5行目_教師用ダッシュボード,教師用ダッシュボード,Teacher's Dashboard,
machineLearning_sample.php_58行目_データ分析ページ,データ分析ページ,Data Analysis Page,
machineLearning_sample.php_61行目_ホーム,ホーム,Home,
machineLearning_sample.php_62行目_迷い推定・機械学習,迷い推定・機械学習,Estimating Hesitation / Machine Learning,
machineLearning_sample.php_63行目_新規学生登録,新規学習者登録,Registration for New Learners,
machineLearning_sample.php_69行目_ダッシュボード,ダッシュボード,Dashboard,
machineLearning_sample.php_70行目_迷い推定・機械学習,迷い推定・機械学習,Estimating Hesitation / Machine Learning,
machineLearning_sample.php_71行目_新規学生登録,新規学習者登録,Registration for New Learners,
machineLearning_sample.php_77行目_ページの表示時間,ページの表示時間,Page Load Time,
machineLearning_sample.php_77行目_ミリ秒,ミリ秒,ms,
machineLearning_sample.php_196行目_学習者グループがありません,学習者グループがありません,No learner groups exist.,
machineLearning_sample.php_223行目_選択されたグループID,選択されたグループID,Selected Group ID,
machineLearning_sample.php_225行目_作成したグループを選択してください,作成したグループを選択してください。,Select a created group.,
machineLearning_sample.php_236行目_2019年度のA大学全データが選択されました,2019年度のA大学全データが選択されました。,All data for University A for the 2019 academic year has been selected.,
machineLearning_sample.php_239行目_選択が無効です,選択が無効です。,Invalid selection.,
machineLearning_sample.php_424行目_データを選択してください,データを選択してください,Select data.,
machineLearning_sample.php_569行目_作成したグループの成績,作成したグループの成績,Performance of Created Group,
machineLearning_sample.php_584行目_グラフ描画特徴量,グラフ描画特徴量,Graph Plotting Features,
machineLearning_sample.php_600行目_不正解率(%),不正解率(%),Incorrect Rate (%),
machineLearning_sample.php_601行目_解答時間(秒),解答時間(秒),Answer Time (s),
machineLearning_sample.php_604行目_不正解率(%),不正解率(%),Incorrect Rate (%),
machineLearning_sample.php_605行目_解答時間(秒),解答時間(秒),Answer Time (s),
machineLearning_sample.php_630行目_ユーザー名,ユーザー名,Username,
machineLearning_sample.php_699行目_2つの特徴量を選択してください,2つの特徴量を選択してください。,Select two features.,
machineLearning_sample.php_710行目_不正解率と一緒にもう1つの特徴量を選択してください,不正解率と一緒にもう1つの特徴量を選択してください。,Select another feature along with the incorrect rate.,
machineLearning_sample.php_734行目_不正解率(%),不正解率(%),Incorrect Rate (%),
machineLearning_sample.php_735行目_平均,平均,Average,
machineLearning_sample.php_739行目_不正解率(%),不正解率(%),Incorrect Rate (%),
machineLearning_sample.php_740行目_平均,平均,Average,
machineLearning_sample.php_752行目_2つの特徴量を選択してください,2つの特徴量を選択してください。,Select two features.,
machineLearning_sample.php_777行目_平均,平均,Average,
machineLearning_sample.php_778行目_平均,平均,Average,
machineLearning_sample.php_782行目_平均,平均,Average,
machineLearning_sample.php_783行目_平均,平均,Average,
machineLearning_sample.php_794行目_特徴量選択,特徴量選択,Feature Selection,
machineLearning_sample.php_797行目_特徴量を選択,特徴量を選択,Select Features,
machineLearning_sample.php_810行目_特徴量を選択してください,特徴量を選択してください,Select features.,
machineLearning_sample.php_812行目_不正解率(%),不正解率 (%),Incorrect Rate (%),
machineLearning_sample.php_813行目_解答時間(秒),解答時間 (秒),Answer Time (s),
machineLearning_sample.php_814行目_距離,距離,Distance,
machineLearning_sample.php_815行目_平均速度,平均速度,Average Speed,
machineLearning_sample.php_816行目_最高速度,最高速度,Max Speed,
machineLearning_sample.php_817行目_考慮時間,考慮時間,Thinking Time,
machineLearning_sample.php_818行目_第一ドロップ後解答時間,第一ドロップ後解答時間,Time after First Drop,
machineLearning_sample.php_819行目_合計静止時間,合計静止時間,Total Paused Time,
machineLearning_sample.php_820行目_最大静止時間,最大静止時間,Max Paused Time,
machineLearning_sample.php_821行目_合計DD間時間,合計DD間時間,Total Time between D&D,
machineLearning_sample.php_822行目_最大DD間時間,最大DD間時間,Max Time between D&D,
machineLearning_sample.php_823行目_合計DD時間,合計DD時間,Total D&D Time,
machineLearning_sample.php_824行目_最小DD時間,最小DD時間,Min D&D Time,
machineLearning_sample.php_825行目_合計DD回数,合計DD回数,Total D&D Count,
machineLearning_sample.php_826行目_グループ化DD回数,グループ化DD回数,Grouped D&D Count,
machineLearning_sample.php_827行目_グループ化有無,グループ化有無,With/Without Grouping,
machineLearning_sample.php_828行目_x軸Uターン回数,x軸Uターン回数,X-axis U-turn Count,
machineLearning_sample.php_829行目_y軸Uターン回数,y軸Uターン回数,Y-axis U-turn Count,
machineLearning_sample.php_830行目_レジスタ→レジスタへの移動回数,レジスタ➡レジスタへの移動回数,Register -> Register Move Count,
machineLearning_sample.php_831行目_レジスタ→レジスタ外への移動回数,レジスタ➡レジスタ外への移動回数,Register -> Out of Register Move Count,
machineLearning_sample.php_832行目_レジスタ外→レジスタへの移動回数,レジスタ外➡レジスタへの移動回数,Out of Register -> Register Move Count,
machineLearning_sample.php_833行目_レジスタ→レジスタへの移動有無,レジスタ➡レジスタへの移動有無,With/Without Register -> Register Move,
machineLearning_sample.php_834行目_レジスタ→レジスタ外への移動有無,レジスタ➡レジスタ外への移動有無,With/Without Register -> Out of Register Move,
machineLearning_sample.php_835行目_レジスタ外→レジスタへの移動有無,レジスタ外➡レジスタへの移動有無,With/Without Out of Register -> Register Move,
machineLearning_sample.php_836行目_レジスタに関する合計の移動回数,レジスタに関する合計の移動回数,Total Moves Related to Registers,
machineLearning_sample.php_837行目_x軸UターンD&D回数,x軸UターンD&D回数,X-axis U-turn D&D Count,
machineLearning_sample.php_838行目_y軸UターンD&D回数,y軸UターンD&D回数,Y-axis U-turn D&D Count,
machineLearning_sample.php_839行目_最終ドロップ後時間,最終ドロップ後時間,Time after Last Drop,
machineLearning_sample.php_840行目_適用,適用,Apply,
machineLearning_sample.php_848行目_使用データ,使用データ,Data Used,
machineLearning_sample.php_851行目_作成したグループデータのみ,作成したグループデータのみ,Created Group Data Only,
machineLearning_sample.php_856行目_選択してください,選択してください,Select,
machineLearning_sample.php_896行目_作成したグループを選択してください,作成したグループを選択してください。,Select a created group.,
machineLearning_sample.php_903行目_2019年度のA大学全データ,2019年度のA大学全データ,All data for University A for the 2019 academic year,
machineLearning_sample.php_951行目_分類器選択,分類器選択,Classifier Selection,
machineLearning_sample.php_953行目_分類器A,分類器A,Classifier A,
machineLearning_sample.php_954行目_分類器B,分類器B,Classifier B,
machineLearning_sample.php_955行目_分類器C,分類器C,Classifier C,
machineLearning_sample.php_958行目_解答全体,解答全体,Overall Answer,
machineLearning_sample.php_961行目_解答時間,解答時間,Answer Time,
machineLearning_sample.php_962行目_移動距離,移動距離,Travel Distance,
machineLearning_sample.php_963行目_平均速度,平均速度,Average Speed,
machineLearning_sample.php_964行目_最大速度,最大速度,Max Speed,
machineLearning_sample.php_967行目_合計静止時間,合計静止時間,Total Paused Time,
machineLearning_sample.php_968行目_最大静止時間,最大静止時間,Max Paused Time,
machineLearning_sample.php_972行目_静止回数,静止回数,Pause Count,
machineLearning_sample.php_973行目_最終dropから解答終了までの時間,最終dropから解答終了までの時間,Time from last drop to answer submission,
machineLearning_sample.php_977行目_Uターン,Uターン,U-turn,
machineLearning_sample.php_980行目_X軸Uターン回数,X軸Uターン回数,X-axis U-turn Count,
machineLearning_sample.php_981行目_Y軸Uターン回数,Y軸Uターン回数,Y-axis U-turn Count,
machineLearning_sample.php_982行目_次回DragまでのX軸Uターン回数,次回DragまでのX軸Uターン回数,X-axis U-turn count until next Drag,
machineLearning_sample.php_983行目_次回DragまでのY軸Uターン回数,次回DragまでのY軸Uターン回数,Y-axis U-turn count until next Drag,
machineLearning_sample.php_987行目_第一ドラッグ,第一ドラッグ,First Drag,
machineLearning_sample.php_990行目_第一ドラッグ前時間,第一ドラッグ前時間,Time before First Drag,
machineLearning_sample.php_991行目_第一ドロップ後から解答終了を押すまでの時間,第一ドロップ後から解答終了を押すまでの時間,Time from after first drop to pressing submit,
machineLearning_sample.php_995行目_DD,DD,D&D,
machineLearning_sample.php_999行目_最大DD時間,最大DD時間,Max D&D Time,
machineLearning_sample.php_1000行目_最小DD時間,最小DD時間,Min D&D Time,
machineLearning_sample.php_1001行目_DD回数,DD回数,D&D Count,
machineLearning_sample.php_1005行目_DD間,DD間,Between D&D,
machineLearning_sample.php_1008行目_最大DD間時間,最大DD間時間,Max Time between D&D,
machineLearning_sample.php_1010行目_合計DD間時間,合計DD間時間,Total Time between D&D,
machineLearning_sample.php_1014行目_グループ化,グループ化,Grouping,
machineLearning_sample.php_1017行目_グループ化中にDDした回数,グループ化中にDDした回数,D&D count during grouping,
machineLearning_sample.php_1018行目_グループ化の有無,グループ化の有無,With/Without Grouping,
machineLearning_sample.php_1022行目_レジスタ,レジスタ,Register,
machineLearning_sample.php_1025行目_レジスタ移動回数1,レジスタ移動回数1,Register Move Count 1,
machineLearning_sample.php_1026行目_レジスタ移動回数2,レジスタ移動回数2,Register Move Count 2,
machineLearning_sample.php_1027行目_レジスタ移動回数3,レジスタ移動回数3,Register Move Count 3,
machineLearning_sample.php_1028行目_レジスタ移動回数4,レジスタ移動回数4,Register Move Count 4,
machineLearning_sample.php_1031行目_レジスタ使用回数1,レジスタ使用回数1,Register Use Count 1,
machineLearning_sample.php_1032行目_レジスタ使用回数2,レジスタ使用回数2,Register Use Count 2,
machineLearning_sample.php_1033行目_レジスタ使用回数3,レジスタ使用回数3,Register Use Count 3,
machineLearning_sample.php_1034行目_レジスタ使用回数4,レジスタ使用回数4,Register Use Count 4,
machineLearning_sample.php_1037行目_レジスタ内DD回数,レジスタ内DD回数,D&D Count within Register,
machineLearning_sample.php_1054行目_機械学習,機械学習,Machine Learning,
machineLearning_sample.php_1055行目_リセット,リセット,Reset,
machineLearning_sample.php_1110行目_機械学習結果,機械学習結果,Machine Learning Result,
machineLearning_sample.php_1112行目_解答情報,解答情報,Answer Information,
machineLearning_sample.php_1188行目_迷いの有無,迷いの有無,With/Without Hesitation,
machineLearning_sample.php_1195行目_正誤,正誤,Correct/Incorrect,
machineLearning_sample.php_1196行目_軌跡再現リンク,軌跡再現リンク,Trajectory Reproduction Link,
machineLearning_sample.php_1213行目_迷い無し,迷い無し,No Hesitation,
machineLearning_sample.php_1215行目_迷い有り,迷い有り,Hesitation,
machineLearning_sample.php_1217行目_不明,不明,Unknown,
machineLearning_sample.php_1222行目_正解,正解,Correct,
machineLearning_sample.php_1224行目_不正解,不正解,Incorrect,
machineLearning_sample.php_1228行目_軌跡再現,軌跡再現,Trajectory Reproduction,
machineLearning_sample.php_1233行目_結果のCSVファイルを読み込めませんでした,結果のCSVファイルを読み込めませんでした。,Could not load the result CSV file.,
machineLearning_sample.php_1239行目_クラスタ数を入力してください,クラスタ数を入力してください,Enter the number of clusters.,
machineLearning_sample.php_1241行目_クラスタリング特徴量を選択してください,クラスタリング特徴量を選択してください,Select clustering features.,
machineLearning_sample.php_1242行目_不正解率(%),不正解率 (%),Incorrect Rate (%),
machineLearning_sample.php_1243行目_迷い率,迷い率,Hesitation Rate,
machineLearning_sample.php_1244行目_適用,適用,Apply,
machineLearning_sample.php_1257行目_2つの特徴量を選択してください,2つの特徴量を選択してください。,Select two features.,
machineLearning_sample.php_1281行目_クラスタリング中にエラーが発生しました,クラスタリング中にエラーが発生しました。もう一度お試しください。,An error occurred during clustering.,
machineLearning_sample.php_1311行目_クラスタ,クラスタ,Cluster,
machineLearning_sample.php_1330行目_グループ化,グループ化,Grouping,
machineLearning_sample.php_1340行目_少なくとも1つのクラスタを選択してください,少なくとも1つのクラスタを選択してください。,Select at least one cluster.,
machineLearning_sample.php_1347行目_クラスタ,クラスタ,Cluster,
machineLearning_sample.php_1363行目_選択されたクラスタのグループ化が完了しました,選択されたクラスタのグループ化が完了しました。,Grouping of the selected clusters has been completed.,
machineLearning_sample.php_1369行目_グループ登録中にエラーが発生しました,グループ登録中にエラーが発生しました。,An error occurred during group registration.,
machineLearning_sample.php_1453行目_クラスタリング,クラスタリング,Clustering,
machineLearning_sample.php_1464行目_学習者の詳細情報,学習者の詳細情報,Learner's Detailed Information,
machineLearning_sample.php_1466行目_学習者名UID,学習者名:(UID),Learner Name UID,
machineLearning_sample.php_1468行目_選択してください,選択してください,Select,
machineLearning_sample.php_1483行目_選択してください,選択してください,Select,
machineLearning_sample.php_1498行目_ロード中,ロード中,Loading...,
machineLearning_sample.php_1501行目_学習者を選択してください,学習者を選択してください,Select a learner.,
machineLearning_sample.php_1502行目_学習者情報を選択してください,学習者情報を選択してください。,Select the learner's information.,
machineLearning_sample.php_1511行目_選択してください,選択してください,Select,
machineLearning_sample.php_1513行目_難易度,難易度,Difficulty,
machineLearning_sample.php_1513行目_迷い,迷い,Hesitation,
machineLearning_sample.php_1528行目_学習者名,学習者名,Learner Name,
machineLearning_sample.php_1529行目_クラス名,クラス名,Class Name,
machineLearning_sample.php_1530行目_TOEICレベル,TOEICレベル,TOEIC Level,
machineLearning_sample.php_1531行目_英検レベル,英検レベル,Eiken Level,
machineLearning_sample.php_1534行目_総解答数,総解答数,Total Answers,
machineLearning_sample.php_1535行目_正解率,正解率,Correct Rate,
machineLearning_sample.php_1536行目_迷い率,迷い率,Hesitation Rate,
machineLearning_sample.php_1544行目_学習者情報を選択してください,学習者情報を選択してください。,Select the learner's information.,
machineLearning_sample.php_1570行目_問題情報,問題情報,Problem Information,
machineLearning_sample.php_1573行目_正解率,正解率,Correct Rate,
machineLearning_sample.php_1574行目_迷い率,迷い率,Hesitation Rate,
machineLearning_sample.php_1575行目_正解文,正解文,Correct Sentence,
machineLearning_sample.php_1578行目_日本語文,日本語文,Japanese Sentence,
machineLearning_sample.php_1579行目_文法項目,文法項目,Grammar Item,
machineLearning_sample.php_1580行目_単語数,単語数,Word Count,
machineLearning_sample.php_1586行目_グループ化された単語,グループ化された単語,Grouped Words,
machineLearning_sample.php_1587行目_正解数,正解数,Number of Correct Answers,
machineLearning_sample.php_1588行目_不正解数,不正解数,Number of Incorrect Answers,
machineLearning_sample.php_1589行目_迷いあり数,迷いあり数,Number with Hesitation,
machineLearning_sample.php_1590行目_迷いなし数,迷いなし数,Number without Hesitation,
machineLearning_sample.php_1620行目_Label情報が見つかりませんでした,Label情報が見つかりませんでした。,Label information not found.,
machineLearning_sample.php_1623行目_初期表示用のデータが見つかりません,初期表示用のデータが見つかりません。,Data for initial display not found.,
machineLearning_sample.php_1641行目_グルーピングが行われていません,グルーピングが行われていません,Grouping has not been performed.,
machineLearning_sample.php_1644行目_回答日時,回答日時,Answer Date/Time,
machineLearning_sample.php_1645行目_最終回答文,最終回答文,Final Answer Sentence,
machineLearning_sample.php_1646行目_解答時間,解答時間,Answer Time,
machineLearning_sample.php_1647行目_正誤,正誤,Correct/Incorrect,
machineLearning_sample.php_1648行目_迷い,迷い,Hesitation,
machineLearning_sample.php_1649行目_Label,Label,Label,
machineLearning_sample.php_1651行目_試行回数1の情報が見つかりません,試行回数 1 の情報が見つかりません。,Information for attempt 1 not found.,
machineLearning_sample.php_1662行目_選択された試行回数の情報が見つかりません,選択された試行回数の情報が見つかりません。,Information for the selected attempt not found.,
machineLearning_sample.php_1667行目_データの取得に失敗しました,データの取得に失敗しました。,Failed to retrieve data.,
machineLearning_sample.php_1682行目_文法項目,文法項目,Grammar Item,
machineLearning_sample.php_1683行目_総解答数,総解答数,Total Answers,
machineLearning_sample.php_1684行目_正解数,正解数,Number of Correct Answers,
machineLearning_sample.php_1685行目_迷い数,迷い数,Number of Hesitations,
machineLearning_sample.php_1686行目_不正解率,不正解率,Incorrect Rate,
machineLearning_sample.php_1687行目_迷い率,迷い率,Hesitation Rate,
machineLearning_sample.php_1744行目_不正解率(%),不正解率 (%),Incorrect Rate (%),
machineLearning_sample.php_1745行目_迷い率(%),迷い率 (%),Hesitation Rate (%),
machineLearning_sample.php_1750行目_文法項目ごとの正解率と迷い率,文法項目ごとの正解率と迷い率,Correct Rate and Hesitation Rate by Grammar Item,
machineLearning_sample.php_1771行目_文法項目,文法項目,Grammar Item,
machineLearning_sample.php_1780行目_割合(%),割合 (%),Percentage (%),
machineLearning_sample.php_1855行目_不正解率(%),不正解率 (%),Incorrect Rate (%),
machineLearning_sample.php_1856行目_迷い率(%),迷い率 (%),Hesitation Rate (%),
machineLearning_sample.php_1859行目_不正解率(%),不正解率 (%),Incorrect Rate (%),
machineLearning_sample.php_1860行目_迷い率(%),迷い率 (%),Hesitation Rate (%),
machineLearning_sample.php_1861行目_まだ迷い推定が行われていません,迷い推定がまだです。,Hesitation estimation has not been performed yet.,
machineLearning_sample.php_2000行目_この特徴量の説明はまだありません,この特徴量の説明はまだありません。,There is no explanation for this feature yet.,
notification-detail.php_5行目_教師用ダッシュボード,教師用ダッシュボード,Teacher's Dashboard,
notification-detail.php_18行目_英単語並べ替え問題LMS,英単語並べ替え問題LMS,English Word Reordering Problem LMS,
notification-detail.php_21行目_ホーム,ホーム,Home,
notification-detail.php_22行目_コース管理,コース管理,Course Management,
notification-detail.php_23行目_迷い推定・機械学習,迷い推定・機械学習,Estimating Hesitation / Machine Learning,
notification-detail.php_24行目_学生分析,学習者分析,Learner Analysis,
notification-detail.php_25行目_問題分析,問題分析,Problem Analysis,
notification-detail.php_26行目_新規学生登録,新規学習者登録,New Leaner Registration,
notification-detail.php_33行目_ホーム,ホーム,Home,
notification-detail.php_34行目_コース管理,コース管理,Course Management,
notification-detail.php_35行目_迷い推定・機械学習,迷い推定・機械学習,Estimating Hesitation / Machine Learning,
notification-detail.php_36行目_学生分析,学習者分析,Learner Analysis,
notification-detail.php_37行目_問題分析,問題分析,Problem Analysis,
notification-detail.php_41行目_お知らせ,お知らせ,Notification,
notification-detail.php_48行目_お知らせが見つかりません,お知らせが見つかりません。,Notification not found.,
notification-detail.php_59行目_件名,件名,Subject,
notification-detail.php_60行目_日時,日時,Date/Time,
notification-detail.php_61行目_メッセージ本文,メッセージ本文,Message Body,
notification-detail.php_64行目_お知らせが見つかりません,お知らせが見つかりません。,Notification not found.,
perform_clustering_hesitate_accuracy.php_38行目_クラスタリング処理中にエラーが発生しました,クラスタリング処理中にエラーが発生しました。,An error occurred during clustering process.,
perform_clustering.php_13行目_特徴量または学生IDが不足しています,特徴量または学習者IDが不足しています。,Feature or Learner ID is missing.,
perform_clustering.php_132行目_エラーが発生しました,エラーが発生しました,An error occurred.,
register-student.php_5行目_教師用ダッシュボード,教師用ダッシュボード,Teacher's Dashboard,
register-student.php_18行目_英単語並べ替え問題LMS,英単語並べ替え問題LMS,English Word Reordering Problem LMS,
register-student.php_21行目_ホーム,ホーム,Home,
register-student.php_22行目_迷い推定・機械学習,迷い推定・機械学習,Estimating Hesitation / Machine Learning,
register-student.php_23行目_新規学生登録,新規学習者登録,Registration for New Learners,
register-student.php_29行目_ホーム,ホーム,Home,
register-student.php_30行目_教師-クラス登録,教師-クラス登録,Teacher - Class Registration,
register-student.php_30行目_迷い推定・機械学習,迷い推定・機械学習,Estimating Hesitation / Machine Learning,
register-student.php_31行目_新規学生登録,新規学習者登録,Registration for New Learners,
register-student.php_37行目_学生ID(8桁),学習者ID（8桁）:,Learner ID (8 digits),
register-student.php_42行目_パスワード,パスワード:,Password,
register-student.php_47行目_ユーザー名,ユーザー名:,Username,
register-student.php_52行目_授業クラス,授業クラス:,Class,
register-student.php_57行目_授業ID,授業ID,Class ID,
register-student.php_66行目_TOEICレベル(任意選択),TOEICレベル（任意選択）:,TOEIC Level (Optional),
register-student.php_68行目_選択しない,選択しない,Do not select,
register-student.php_69行目_400点台,400点台,400s,
register-student.php_70行目_500点台,500点台,500s,
register-student.php_71行目_600点台,600点台,600s,
register-student.php_72行目_700点台,700点台,700s,
register-student.php_73行目_800点以上,800点以上,800 or higher,
register-student.php_79行目_英検レベル(任意選択),英検レベル（任意選択）:,Eiken Level (Optional),
register-student.php_81行目_選択しない,選択しない,Do not select,
register-student.php_82行目_英検準二級,英検準二級,Eiken Grade Pre-2,
register-student.php_83行目_英検二級,英検二級,Eiken Grade 2,
register-student.php_84行目_英検準一級,英検準一級,Eiken Grade Pre-1,
register-student.php_85行目_英検一級,英検一級,Eiken Grade 1,
register-student.php_89行目_登録,登録,Register,
search-students.php_71行目_名前,名前,Name,
search-students.php_72行目_正解率,正解率,Correct Rate,
search-students.php_73行目_回答数,回答数,Number of Answers,
submit-notification.php_5行目_教師用ダッシュボード,教師用ダッシュボード,Teacher's Dashboard,
submit-notification.php_18行目_英単語並べ替え問題LMS,英単語並べ替え問題LMS,English Word Reordering Problem LMS,
submit-notification.php_21行目_ホーム,ホーム,Home,
submit-notification.php_22行目_コース管理,コース管理,Course Management,
submit-notification.php_23行目_迷い推定・機械学習,迷い推定・機械学習,Estimating Hesitation / Machine Learning,
submit-notification.php_24行目_学生分析,学習者分析,Learner Analysis,
submit-notification.php_25行目_問題分析,問題分析,Problem Analysis,
submit-notification.php_32行目_ホーム,ホーム,Home,
submit-notification.php_33行目_コース管理,コース管理,Course Management,
submit-notification.php_34行目_迷い推定・機械学習,迷い推定・機械学習,Estimating Hesitation / Machine Learning,
submit-notification.php_35行目_学生分析,学習者分析,Learner Analysis,
submit-notification.php_36行目_問題分析,問題分析,Problem Analysis,
submit-notification.php_49行目_ログインしていません,ログインしていません。,Not logged in.,
submit-notification.php_137行目_お知らせが保存されました,お知らせが保存されました！,Notification has been saved.,
submit-register-student.php_5行目_教師用ダッシュボード,教師用ダッシュボード,Teacher's Dashboard,
submit-register-student.php_18行目_英単語並べ替え問題LMS,英単語並べ替え問題LMS,English Word Reordering Problem LMS,
submit-register-student.php_21行目_ホーム,ホーム,Home,
submit-register-student.php_23行目_コース管理,コース管理,Course Management,
submit-register-student.php_24行目_迷い推定・機械学習,迷い推定・機械学習,Estimating Hesitation / Machine Learning,
submit-register-student.php_25行目_学生分析,学習者分析,Learner Analysis,
submit-register-student.php_26行目_問題分析,問題分析,Problem Analysis,
submit-register-student.php_27行目_新規学生登録,新規学習者登録,Registration for New Learners,
submit-register-student.php_33行目_ホーム,ホーム,Home,
submit-register-student.php_35行目_コース管理,コース管理,Course Management,
submit-register-student.php_36行目_迷い推定・機械学習,迷い推定・機械学習,Estimating Hesitation / Machine Learning,
submit-register-student.php_37行目_学生分析,学習者分析,Learner Analysis,
submit-register-student.php_38行目_問題分析,問題分析,Problem Analysis,
submit-register-student.php_57行目_学生登録が完了しました,学習者登録が完了しました,Learner registration completed.,
submit-register-student.php_59行目_登録中にエラーが発生しました,登録中にエラーが発生しました,An error occurred during registration.,
submit-student-group.php_5行目_教師用ダッシュボード,教師用ダッシュボード,Teacher's Dashboard,
submit-student-group.php_18行目_英単語並べ替え問題LMS,英単語並べ替え問題LMS,English Word Reordering Problem LMS,
submit-student-group.php_21行目_ホーム,ホーム,Home,
submit-student-group.php_22行目_コース管理,コース管理,Course Management,
submit-student-group.php_23行目_迷い推定・機械学習,迷い推定・機械学習,Estimating Hesitation / Machine Learning,
submit-student-group.php_24行目_学生分析,学習者分析,Learner Analysis,
submit-student-group.php_25行目_問題分析,問題分析,Problem Analysis,
submit-student-group.php_26行目_新規学生登録,新規学習者登録,Registration for New Learners,
submit-student-group.php_32行目_ホーム,ホーム,Home,
submit-student-group.php_33行目_コース管理,コース管理,Course Management,
submit-student-group.php_34行目_迷い推定・機械学習,迷い推定・機械学習,Estimating Hesitation / Machine Learning,
submit-student-group.php_35行目_学生分析,学習者分析,Learner Analysis,
submit-student-group.php_36行目_問題分析,問題分析,Problem Analysis,
submit-student-group.php_44行目_グループ名,グループ名,Group Name,
submit-student-group.php_45行目_学生リスト,学習者リスト,Learner List,
submit-student-group.php_46行目_教師ID,教師ID,Teacher ID,
submit-student-group.php_51行目_グループが正常に作成されました,グループが正常に作成されました,Group created successfully.,
submit-student-group.php_53行目_グループ作成に失敗しました,グループ作成に失敗しました。,Failed to create group.,
submit-student-group.php_61行目_がグループに追加されました,がグループに追加されました。, has been added to the group.,
submit-student-group.php_63行目_学生追加に失敗しました,学習者追加に失敗しました。,Failed to add learner(s).,
submit-test.php_5行目_教師用ダッシュボード,教師用ダッシュボード,Teacher's Dashboard,
submit-test.php_18行目_英単語並べ替え問題LMS,英単語並べ替え問題LMS,English Word Reordering Problem LMS,
submit-test.php_21行目_ホーム,ホーム,Home,
submit-test.php_22行目_コース管理,コース管理,Course Management,
submit-test.php_23行目_迷い推定・機械学習,迷い推定・機械学習,Estimating Hesitation / Machine Learning,
submit-test.php_24行目_学生分析,学習者分析,Learner Analysis,
submit-test.php_25行目_問題分析,問題分析,Problem Analysis,
submit-test.php_31行目_ホーム,ホーム,Home,
submit-test.php_32行目_コース管理,コース管理,Course Management,
submit-test.php_33行目_迷い推定・機械学習,迷い推定・機械学習,Estimating Hesitation / Machine Learning,
submit-test.php_34行目_学生分析,学習者分析,Learner Analysis,
submit-test.php_35行目_問題分析,問題分析,Problem Analysis,
submit-test.php_103行目_テストが正常に作成されました,テストが正常に作成されました！,Test created successfully.,
submit-test.php_106行目_テスト名対象または問題が選択されていません,テスト名、対象、または問題が選択されていません。,"Test name, target, or Problems not selected.",
submit-test.php_109行目_無効なリクエストです,無効なリクエストです。,Invalid request.,
template.php_5行目_教師用ダッシュボード,教師用ダッシュボード,Teacher's Dashboard,
template.php_18行目_英単語並べ替え問題LMS,英単語並べ替え問題LMS,English Word Reordering Problem LMS,
template.php_21行目_ホーム,ホーム,Home,
template.php_22行目_コース管理,コース管理,Course Management,
template.php_23行目_迷い推定・機械学習,迷い推定・機械学習,Estimating Hesitation / Machine Learning,
template.php_24行目_学生分析,学習者分析,Learner Analysis,
template.php_25行目_問題分析,問題分析,Problem Analysis,
template.php_26行目_新規学生登録,新規学習者登録,Registration for New Learners,
template.php_32行目_ホーム,ホーム,Home,
template.php_33行目_コース管理,コース管理,Course Management,
template.php_34行目_迷い推定・機械学習,迷い推定・機械学習,Estimating Hesitation / Machine Learning,
template.php_35行目_学生分析,学習者分析,Learner Analysis,
template.php_36行目_問題分析,問題分析,Problem Analysis,
template.php_39行目_ここにコンテンツを入れる,ここにコンテンツを入れる,Place contents here.,
alpsort.php_12行目_初期順序決定,初期順序決定,Determine Initial Order,
alpsort.php_24行目_初期順序が正解と同じ,初期順序が正解と同じであるため、任意指定に移動します,Initial order is the same as the correct answer.,
alpsort.php_38行目_初期順序が正解に近い,初期順序が正解と近いため、任意指定に移動します,Initial order is close to the correct answer.,
alpsort.php_45行目_移動をキャンセルしました,移動をキャンセルしました。,Move canceled.,
alpsort.php_50行目_初期順序決定,初期順序決定,Determine Initial Order,
alpsort.php_66行目_日本文,日本文,Japanese Sentence,
alpsort.php_67行目_問題文,問題文,Problem,
alpsort.php_68行目_区切り,区切り,Divider,
alpsort.php_73行目_初期順序をアルファベット順にしました,初期順序をアルファベット順にしました。,Set the initial order to alphabetical.,
alpsort.php_310行目_決定,決定,Confirm,
alpsort.php_314行目_問題登録,問題登録,Register Problem,
alpsort.php_316行目_区切り決定,区切り決定,Determine Dividers,
alpsort.php_318行目_固定ラベル決定,固定ラベル決定,Determine Fixed Labels,
alpsort.php_320行目_初期順序決定,初期順序決定,Determine Initial Order,
alpsort.php_321行目_登録,登録,Register,
check.php_14行目_登録,登録,Register,
check.php_20行目_登録画面,登録画面,Registration Screen,
check.php_50行目_問題番号,問題番号,Problem Number,
check.php_51行目_日本文,日本文,Japanese Sentence,
check.php_51行目_英文,英文,English Sentence,
check.php_52行目_問題文,問題文,Problem Text,
check.php_53行目_初期順序,初期順序,Initial Order,
check.php_60行目_登録を行いますか,登録を行いますか？,Do you want to register?,
check.php_64行目_登録,登録,Register,
check.php_65行目_1つ前に戻る,1つ前に戻る,Go Back,
check.php_69行目_登録を中止する,登録を中止する,Cancel Registration,
check.php_72行目_問題登録,問題登録,Register Problem,
check.php_74行目_区切り決定,区切り決定,Determine Dividers,
check.php_76行目_固定ラベル決定,固定ラベル決定,Determine Fixed Labels,
check.php_78行目_初期順序決定,初期順序決定,Determine Initial Order,
check.php_80行目_登録,登録,Register,
divide.php_14行目_区切り決定,区切り決定,Determine Dividers,
divide.php_20行目_区切り決定,区切り決定,Determine Dividers,
divide.php_38行目_日本文,日本文,Japanese Sentence,
divide.php_38行目_英文,英文,English Sentence,
divide.php_39行目_問題文,問題文,Problem Text,
divide.php_44行目_単語を区切る場所にチェック,単語を区切る場所にチェックを入れてください。,Check where to divide words.,
divide.php_61行目_決定,決定,Confirm,
divide.php_65行目_登録を中止する,登録を中止する,Cancel Registration,
divide.php_69行目_問題登録,問題登録,Register Problem,
divide.php_71行目_区切り決定,区切り決定,Determine Dividers,
divide.php_72行目_固定ラベル決定,固定ラベル決定,Determine Fixed Labels,
divide.php_72行目_初期順序決定,初期順序決定,Determine Initial Order,
divide.php_72行目_登録,登録,Register,
divide_rec.php_14行目_区切り決定,区切り決定,Determine Dividers,
divide_rec.php_20行目_区切り決定,区切り決定,Determine Dividers,
divide_rec.php_35行目_日本文,日本文,Japanese Sentence,
divide_rec.php_35行目_英文,英文,English Sentence,
divide_rec.php_36行目_問題文,問題文,Problem Text,
divide_rec.php_41行目_区切りを決定しました,区切りを以下のように決定しました。,Dividers have been determined.,
divide_rec.php_80行目_固定ラベル決定画面へ,固定ラベル決定画面へ,To Fixed Label Screen,
divide_rec.php_81行目_戻る,戻る,Back,
divide_rec.php_86行目_問題登録,問題登録,Register Problem,
divide_rec.php_88行目_区切り決定,区切り決定,Determine Dividers,
divide_rec.php_89行目_固定ラベル決定,固定ラベル決定,Determine Fixed Labels,
divide_rec.php_89行目_初期順序決定,初期順序決定,Determine Initial Order,
divide_rec.php_89行目_登録,登録,Register,
entry.php_14行目_確認,確認,Confirmation,
entry.php_20行目_確認,確認,Confirmation,
entry.php_30行目_日本文は...で終了,日本文は「。」または「?」で終了してください。,Japanese sentence ends with...,
entry.php_31行目_英文は...で終了,英文は「.」または「?」または「!」で終了してください。,English sentence ends with...,
entry.php_32行目_値を入力してください,値を入力してください。,Enter a value.,
entry.php_52行目_戻る,戻る,Back,
entry.php_58行目_以下の内容で登録します,以下の内容で登録します,Register with the following content:,
entry.php_59行目_問題番号,問題番号,Problem Number,
entry.php_60行目_問題文,問題文,Problem Text,
entry.php_61行目_英文,英文,English Sentence,
entry.php_61行目_日本文,日本文,Japanese Sentence,
entry.php_69行目_決定_区切り決定画面へ,決定（区切り決定画面へ）,Confirm & Go to Divider Screen,
entry.php_70行目_戻る,戻る,Back,
entry.php_76行目_問題登録,問題登録,Register Problem,
entry.php_77行目_区切り決定,区切り決定,Determine Dividers,
entry.php_77行目_固定ラベル決定,固定ラベル決定,Determine Fixed Labels,
entry.php_77行目_初期順序決定,初期順序決定,Determine Initial Order,
entry.php_77行目_登録,登録,Register,
fix_rec.php_14行目_固定ラベル決定,固定ラベル決定,Determine Fixed Labels,
fix_rec.php_20行目_固定ラベル決定,固定ラベル決定,Determine Fixed Labels,
fix_rec.php_35行目_日本文,日本文,Japanese Sentence,
fix_rec.php_35行目_英文,英文,English Sentence,
fix_rec.php_36行目_問題文,問題文,Problem Text,
fix_rec.php_37行目_区切り,区切り,Dividers,
fix_rec.php_42行目_固定ラベルを決定しました,固定ラベルを以下のように決定しました。,Fixed labels have been determined.,
fix_rec.php_121行目_決定,決定,Confirm,
fix_rec.php_122行目_戻る,戻る,Back,
fix_rec.php_127行目_問題登録,問題登録,Register Problem,
fix_rec.php_129行目_区切り決定,区切り決定,Determine Dividers,
fix_rec.php_131行目_固定ラベル決定,固定ラベル決定,Determine Fixed Labels,
fix_rec.php_132行目_初期順序決定,初期順序決定,Determine Initial Order,
fix_rec.php_132行目_登録,登録,Register,
fix.php_15行目_固定ラベル決定,固定ラベル決定,Determine Fixed Labels,
fix.php_21行目_固定ラベル決定,固定ラベル決定,Determine Fixed Labels,
fix.php_36行目_英文,英文,English Sentence,
fix.php_36行目_日本文,日本文,Japanese Sentence,
fix.php_37行目_問題文,問題文,Problem Text,
fix.php_38行目_区切り,区切り,Dividers,
fix.php_43行目_単語を固定する場所,単語を固定する場所にチェックを入れてください。,Location to fix words,
fix.php_63行目_決定,決定,Confirm,
fix.php_67行目_登録を中止する,登録を中止する,Cancel Registration,
fix.php_70行目_問題登録,問題登録,Register Problem,
fix.php_72行目_区切り決定,区切り決定,Determine Dividers,
fix.php_74行目_固定ラベル決定,固定ラベル決定,Determine Fixed Labels,
fix.php_75行目_初期順序決定,初期順序決定,Determine Initial Order,
fix.php_75行目_登録,登録,Register,
insert.php_14行目_登録,登録,Register,
insert.php_20行目_登録画面,登録画面,Registration Screen,
insert.php_57行目_SQL実行時エラー,SQL実行時エラー,SQL Execution Error,
insert.php_75行目_登録完了しました,登録完了しました。,Registration Complete.,
insert.php_78行目_ホーム画面へ,ホーム画面へ,To Home Screen,
new.php_16行目_問題新規登録,問題新規登録,Registration of New Problem(s),
new.php_28行目_問題新規登録,問題新規登録,Registration of New Problem(s),
new.php_66行目_日本語文,日本語文,Japanese Sentence,
new.php_66行目_日本語で入力,※日本語で入力して下さい。,Enter in Japanese,
new.php_67行目_英文,英文,English Sentence,
new.php_67行目_英語で入力,※英語（半角）で入力して下さい。,Enter in English,
new.php_68行目_登録,登録,Register,
new.php_69行目_リセット,リセット,Reset,
new.php_73行目_登録を中止する,登録を中止する,Cancel Registration,
new.php_76行目_問題登録,問題登録,Register Problem,
new.php_77行目_区切り決定,区切り決定,Determine Dividers,
new.php_77行目_固定ラベル決定,固定ラベル決定,Determine Fixed Labels,
new.php_77行目_初期順序決定,初期順序決定,Determine Initial Order,
new.php_77行目_登録,登録,Register,
randsort.php_14行目_初期順序決定,初期順序決定,Determine Initial Order,
randsort.php_24行目_初期順序が正解と同じ,問題の初期順序が正解と同一です。任意指定に移動します,Initial order is the same as the correct answer.,
randsort.php_50行目_初期順序決定,初期順序決定,Determine Initial Order,
randsort.php_66行目_日本文,日本文,Japanese Sentence,
randsort.php_66行目_英文,英文,English Sentence,
randsort.php_67行目_問題文,問題文,Problem Text,
randsort.php_68行目_区切り,区切り,Dividers,
randsort.php_73行目_初期順序をランダムにしました,初期順序をランダムにしました。,The initial order has been randomized.,
randsort.php_312行目_決定,決定,Confirm,
randsort.php_316行目_問題登録,問題登録,Register Problem,
randsort.php_318行目_区切り決定,区切り決定,Determine Dividers,
randsort.php_320行目_固定ラベル決定,固定ラベル決定,Determine Fixed Labels,
randsort.php_322行目_初期順序決定,初期順序決定,Determine Initial Order,
randsort.php_323行目_登録,登録,Register,
start.php_14行目_初期順序決定,初期順序決定,Determine Initial Order,
start.php_34行目_初期順序決定,初期順序決定,Determine Initial Order,
start.php_50行目_日本文,日本文,Japanese Sentence,
start.php_50行目_英文,英文,English Sentence,
start.php_51行目_問題文,問題文,Problem Text,
start.php_52行目_区切り,区切り,Dividers,
start.php_57行目_初期順序の決定方法を選択,初期順序を決める方法を選択して下さい。,Select the method for determining the initial order.,
start.php_62行目_任意指定,任意指定,Manual,
start.php_63行目_アルファベット順,アルファベット順,Alphabetical,
start.php_64行目_ランダム,ランダム,Random,
start.php_66行目_選択,選択,Select,
start.php_71行目_登録を中止する,登録を中止する,Cancel Registration,
start.php_75行目_問題登録,問題登録,Register Problem,
start.php_77行目_区切り決定,区切り決定,Determine Dividers,
start.php_79行目_固定ラベル決定,固定ラベル決定,Determine Fixed Labels,
start.php_81行目_初期順序決定,初期順序決定,Determine Initial Order,
start.php_82行目_登録,登録,Register,
mousemove.php_3行目_マウス軌跡再現,マウス軌跡再現,Mouse Trajectory Reproduction,
mousemove.php_18行目_第一引数が不正です,第一引数が不正です。,The first argument is invalid.,
mousemove.php_400行目_結果セットが空です,結果セットが空です．,The result set is empty.,
mousemove.php_492行目_等倍,等倍,1x Speed,
mousemove.php_493行目_0.5倍,0.5倍,0.5x Speed,
mousemove.php_494行目_2倍,2倍,2x Speed,
mousemove.php_495行目_3倍,3倍,3x Speed,
mousemove.php_496行目_5倍,5倍,5x Speed,
mousemove.php_497行目_軌跡再現,軌跡再現,Trajectory Reproduction,
mousemove.php_499行目_一時停止,一時停止,Pause,
mousemove.php_501行目_リセット,リセット,Reset,
mousemove.php_504行目_------,------,------,
mousemove.php_516行目_途中から開始,途中から開始,Start from Middle,
mousemove.php_534行目_問題番号,問題番号,Problem Number,
mousemove.php_535行目_ユーザ番号,ユーザ番号,User Number,
mousemove.php_537行目_最終解答文,最終解答文,Final Answer Sentence,
mousemove.php_539行目_日本語文,日本語文,Japanese Sentence,
mousemove.php_540行目_正解文,正解文,Correct Sentence,
mousemove.php_542行目_迷い度,迷い度,Degree of Hesitation,
mousemove.php_544行目_間違って終了ボタン,間違って終了ボタンを押した,Pressed Finish by mistake,
mousemove.php_545行目_ほとんど迷わなかった,ほとんど迷わなかった,not hesitated,
mousemove.php_546行目_少し迷った,少し迷った,hesitated a little,
mousemove.php_547行目_かなり迷った,かなり迷った,hesitated a lot,
mousemove.php_550行目_正誤,正誤,Correct/Incorrect,
mousemove.php_560行目_文法項目,文法項目,Grammar Item,
mousemove.php_565行目_難易度,難易度,Difficulty,
mousemove.php_566行目_初級,初級,Beginner,
mousemove.php_567行目_中級,中級,Intermediate,
mousemove.php_568行目_上級,上級,Advanced,
mousemove.php_571行目_得点,得点,Score,
mousemove.php_571行目_点,点,points,
mousemove.php_576行目_解答時間,解答時間,Answer Time,
mousemove.php_578行目_秒,秒,s,
mousemove.php_579行目_DragDrop回数,Drag&Drop回数,Drag & Drop Count,
mousemove.php_581行目_回,回,times,
mousemove.php_582行目_Uターン回数X,Uターン回数(X),U-turn Count X,
mousemove.php_584行目_回,回,times,
mousemove.php_585行目_Uターン回数Y,Uターン回数(Y),U-turn Count Y,
mousemove.php_587行目_回,回,times,
mousemove.php_588行目_マウス移動距離,マウス移動距離,Mouse Move Distance,
mousemove.php_593行目_平均マウス速度,平均マウス速度,Average Mouse Speed,
mousemove.php_598行目_最大静止時間,最大静止時間,Max Paused Time,
mousemove.php_603行目_グループ化回数,グループ化回数,Grouping Count,
mousemove.php_605行目_回,回,times,
mousemove.php_907行目_再現終了,再現終了,Replay Finished,
mousemove.php_1078行目_迷い候補リスト,・迷い候補リスト,Hesitation Candidate List,
mousemove.php_1107行目_余分なDD動作,・余分なD&D動作が検出された単語,Extra D&D Action,
mousemove.php_1113行目_複数回,[複数回],Multiple times,
mousemove.php_1117行目_回,回,time(s),
mousemove.php_1121行目_1回,[1回],1 time,
mousemove.php_1128行目_入れ替え間時間,・入れ替え間時間,Time between Swaps,
mousemove.php_1129行目_長いもの,長いもの,Long ones,
mousemove.php_1131行目_経過時間,経過時間,Elapsed Time,
mousemove.php_1136行目_経過時間,経過時間,Elapsed Time,
mousemove.php_1141行目_経過時間,経過時間,Elapsed Time,
assignment.php_5行目_教師用ダッシュボード,教師用ダッシュボード,Teacher's Dashboard,
assignment.php_21行目_英単語並べ替え問題LMS,英単語並べ替え問題LMS,English Word Reordering Problem LMS,
assignment.php_24行目_ホーム,ホーム,Home,
assignment.php_30行目_ホーム,ホーム,Home,
assignment.php_34行目_ここは課題のページ,ここは課題のページ,This is the assignments page.,
dbsyori.php_13行目_英文抽出エラー,英文抽出エラー,English sentence extraction error.,
dbsyori.php_21行目_エラー,エラー,Error,
dbsyori.php_58行目_日本文抽出エラー,日本文抽出エラー,Japanese sentence extraction error.,
dbsyori.php_72行目_固定抽出エラー,固定抽出エラー,Fixed item extraction error.,
dbsyori.php_132行目_個数抽出エラー,個数抽出エラー,Count extraction error.,
ewrite.php_17行目_ファイルを開けませんでした,ファイルを開くことができませんでした,Could not open the file.,
ewrite.php_27行目_データ追加エラー,データ追加エラー,Data addition error.,
ewrite.php_70行目_Pythonスクリプトの実行に失敗しました,Pythonスクリプトの実行に失敗しました,Failed to execute Python script.,
ewrite.php_74行目_Pythonスクリプト実行結果,Pythonスクript実行結果,Python script execution result:,
ewrite.php_83行目_正常にデータを書き終えました,正常にデータを書き終えました,Data was written successfully.,
ewrite.php_87行目_一時ファイルの削除に失敗しました,一時ファイルの削除に失敗しました。,Failed to delete temporary file.,
ewrite.php_94行目_データがありませんでした,データがありませんでした,No data was found.,
linemouse.php_15行目_テーブル存在確認エラー,linedatamouseテーブルの存在確認エラー,Table existence check error.,
linemouse.php_18行目_こんにちは,こんにちは%sさん,Hello,
linemouse.php_20行目_テーブル作成失敗エラー,linedatamouseテーブル作成失敗エラー,Table creation failure error.,
linemouse.php_22行目_初回アクセス,はじめてのアクセスなので、%s をつくりました。,First access.,
load.php_107行目_最初の問題です,これは最初の問題です．,This is the first Problem.,
load.php_109行目_データが見つかりませんでした,データが見つかりませんでした．,Data not found.,
load.php_116行目_WID抽出エラー,WID抽出エラー,WID extraction error.,
notification_detail.php_6行目_お知らせIDが指定されていません,お知らせIDが指定されていません。,Notification ID is not specified.,
notification_detail.php_28行目_該当するお知らせが見つかりません,該当するお知らせが見つかりません。,The corresponding notification was not found.,
notification_detail.php_33行目_お知らせ詳細,お知らせ詳細,Notification Details,
notification_detail.php_38行目_英単語並べ替え問題LMS,英単語並べ替え問題LMS,English Word Reordering Problem LMS,
notification_detail.php_41行目_ホーム,ホーム,Home,
notification_detail.php_42行目_コース管理,コース管理,Course Management,
notification_detail.php_43行目_迷い推定・機械学習,迷い推定・機械学習,Estimating Hesitation / Machine Learning,
notification_detail.php_44行目_学生分析,学習者分析,Learner Analysis,
notification_detail.php_45行目_問題分析,問題分析,Problem Analysis,
notification_detail.php_60行目_お知らせ詳細,お知らせ詳細,Notification Details,
notification_detail.php_68行目_投稿日時,投稿日時,Posted Date/Time,
result.php_24行目_解答結果,解答結果,Answer Results,
result.php_43行目_おつかれさまでした,英単語並べ替え問題解答おつかれさまでした。,Good work!,
result.php_44行目_以下解答結果,以下、解答結果です。,Below are your answer results:,
result.php_54行目_さんの解答結果,さんの解答結果,'s Answer Results,
result.php_78行目_正解率,正解率,Correct Rate,
result.php_104行目_問題番号,問題番号,Q No.,
result.php_104行目_解答,解答,Your Answer,
result.php_104行目_正答,正答,Correct Answer,
result.php_104行目_正誤,〇/×,Result,
logo_image_path2,image/logo.png,image/logo_en.png,
student.php_5行目_学生用ダッシュボード,学習者用ダッシュボード,Learner's Dashboard,
student.php_23行目_英単語並べ替え問題LMS,英単語並べ替え問題LMS,English Word Reordering Problem LMS,
student.php_26行目_ホーム,ホーム,Home,
student.php_27行目_ログアウト,ログアウト,Logout,
student.php_38行目_学生用LMS,学習者用LMS,Learner LMS,
student.php_41行目_お知らせ一覧,お知らせ一覧,Notifications,
student.php_66行目_現在お知らせはありません,現在お知らせはありません。,There are currently no notifications.,
student.php_76行目_テスト,テスト,Tests,
student.php_80行目_成績管理,成績管理,Grade Management,
swrite.php_14行目_こんにちは,こんにちは,Hello, 
swrite.php_14行目_さん,さん,.,
test.php_5行目_テスト,テスト,Test,
test.php_45行目_英単語並べ替え問題LMS,英単語並べ替え問題LMS,English Word Reordering Problem LMS,
test.php_48行目_ホーム,ホーム,Home,
test.php_49行目_ログアウト,ログアウト,Logout,
test.php_56行目_成績管理,成績管理,Grade Management,
test.php_61行目_テストページ,ここはテストのページ,Test Page,
test.php_99行目_登録されたテスト一覧,登録されたテスト一覧,List of Registered Tests,
test.php_103行目_テスト名,テスト名,Test Name,
test.php_104行目_作成日時,作成日時,Date Created,
test.php_105行目_解答状況,解答状況,Status,
test.php_106行目_解答,解答,Answer,
test.php_125行目_テストはありません,登録されたテストはありません。,No tests available.,
test.php_view_results,結果表示,View Results,
status_unanswered,未回答,Unanswered,
status_in_progress,解答途中,In Progress,
status_completed,解答済み,Completed,
analytics.php_5行目_学習者用ダッシュボード,学習者用ダッシュボード,Learner's Dashboard,
analytics.php_21行目_英単語並べ替え問題LMS,英単語並べ替え問題LMS,English Word Reordering Problem LMS,
analytics.php_24行目_ホーム,ホーム,Home,
analytics.php_25行目_ログアウト,ログアウト,Logout,
analytics.php_38行目_成績概要,成績概要,Performance Summary,
analytics.php_40行目_正解率,正解率,Correct Rate,
analytics.php_148行目_迷い率,迷い率,Hesitation Rate,
analytics.php_169行目_解答した問題数,解答した問題数,Number of Problems Answered,
analytics.php_174行目_解答済み問題一覧,解答済み問題一覧,List of Answered Problems,
analytics.php_176行目_解答済みの問題を選択,解答済みの問題を選択してください,Select an Answered Problem,
analytics.php_180行目_選択してください,選択してください,Select,
analytics.php_js_問題を選択してください,問題を選択してください。,Select a Problem.,
analytics.php_js_試行回数を選択,試行回数を選択,Select an attempt,
analytics.php_js_Attempt,Attempt,Attempt,
analytics.php_js_問題情報,問題情報,Problem Information,
analytics.php_js_正解率,正解率,Correct Rate,
analytics.php_js_正解文,正解文,Correct Sentence,
analytics.php_js_日本語文,日本語文,Japanese Sentence,
analytics.php_js_文法項目,文法項目,Grammar Item,
analytics.php_js_平均解答時間,平均解答時間,Average Answer Time,
analytics.php_js_秒,秒,s,
analytics.php_js_難易度,難易度,Difficulty,
analytics.php_js_単語数,単語数,Word Count,
analytics.php_js_正解者が行っているグルーピング,正解者が行っているグルーピング,Grouping done by correct answerers,
analytics.php_js_データが見つかりません,データが見つかりません。,Data not found.,
analytics.php_js_解答情報,解答情報,Answer Information,
analytics.php_js_回答日時,回答日時,Answer Date/Time,
analytics.php_js_最終回答文,最終回答文,Final Answer Sentence,
analytics.php_js_解答時間,解答時間,Answer Time,
analytics.php_js_正誤,正誤,Correct/Incorrect,
analytics.php_js_迷い,迷い,Hesitation,
analytics.php_js_Attempt1が見つかりません,Attempt=1が見つかりません。,Attempt 1 not found.,
analytics.php_js_試行回数の情報が見つかりません,選択された試行回数の情報が見つかりません。,Information for the attempt not found.,
analytics.php_js_データの取得に失敗しました,データの取得に失敗しました。,Failed to retrieve data.,
UIDまたはWIDが指定されていません。,UIDまたはWIDが指定されていません。,UID or WID is not specified.,
"仮定法, 命令法","仮定法, 命令法","Subjunctive, Imperative",
"It, There","It, There","It, There",
無生物主語,無生物主語,Inanimate Subject,
接続詞,接続詞,Conjunctions,
倒置,倒置,Inversion,
関係詞,関係詞,Relatives,
間接話法,間接話法,Indirect Speech,
前置詞(句),前置詞(句),Preposition(al Phrase),
分詞,分詞,Participles,
動名詞,動名詞,Gerunds,
不定詞,不定詞,Infinitives,
受動態,受動態,Passive Voice,
助動詞,助動詞,Auxiliary Verbs,
比較,比較,Comparison,
否定,否定,Negation,
後置修飾,後置修飾,Post-modification,
"完了形, 時制","完了形, 時制","Perfect Tense, Tense",
句動詞(群動詞),句動詞(群動詞),Phrasal Verbs,
挿入,挿入,Insertion,
使役,使役,Causative,
補語/二重目的語,補語/二重目的語,Complement/Double Object,
正解,正解,Correct,
不正解,不正解,Incorrect,
迷い無し,迷い無し,No Hesitation,
迷い有り,迷い有り,Hesitation,
不明,不明,Unknown,
未定義,未定義,Undefined,
初級,初級,Beginner,
中級,中級,Intermediate,
上級,上級,Advanced,
get_student_info.php_75行目_不明な文法項目,不明な文法項目,Unknown Grammar Item,
ques.php_22行目_並べ替え問題プログラム,並べ替え問題プログラム,Sentence Scramble Program,
ques.php_82行目_秒,秒,s,
ques.php_325行目_書き込みに失敗しました,書き込みに失敗しました,Failed to write.,
ques.php_335行目_リクエストエラー,リクエストエラー,Request Error,
ques.php_351行目_OID抽出エラー（マウス）,OID抽出エラー（マウス）,OID Extraction Error (Mouse),
ques.php_351行目_OIDエラー,OIDエラー,OID Error,
ques.php_351行目_これは最初の問題です,これは最初の問題です．,This is the first Problem.,
ques.php_364行目_情報,-情報-,-Information-,
ques.php_379行目_問題取得失敗,問題取得失敗,Failed to get Problem.,
ques.php_384行目_固定問題番号取得エラー,固定問題番号取得エラー,Error getting fixed Problem number.,
ques.php_442行目_は,は, is at the ,
ques.php_442行目_番目にきます,番目にきます,th position.,
ques.php_778行目_まだ並べ替えが終了していません,まだ並べ替えが終了していません。,The sentence is not yet complete.,
ques.php_783行目_位置固定単語である,位置固定単語である,The fixed word ,
ques.php_783行目_が,が, is not in the ,
ques.php_783行目_番目に来ていませんがよろしいですか,番目に来ていませんが、宜しいですか？,th position. Are you sure?,
ques.php_890行目_正誤O,正誤：○,Result: Correct,
ques.php_893行目_正解,正解</br>,Correct Answer<br>,
ques.php_896行目_正誤X,正誤：×,Result: Incorrect,
ques.php_919行目_お疲れ様です,お疲れ様です!OKを押してデータの書き込み開始です。,Good work! Press OK to start writing data.,
ques.php_929行目_書き込み失敗,失敗、何度試してもできなかったら右上の×ボタンで終了してください。\nそして管理者までご連絡をお願いします。\nエラーコード:lineques01,"Failed. If it fails multiple times, close with the ""X"" button and contact the administrator.\nError code: lineques01",
ques.php_996行目_終了です,終了です。右下の終了ボタンを押して書き込みを行ってください。,"You are finished. Press the ""Exit"" button in the bottom right to save your data.",
ques.php_998行目_書き込みを行ってください,一度右下の終了ボタンを押して書き込みを行ってください。(現在,"Press the ""Exit"" button in the bottom right to save your data. (Currently finished ",
ques.php_998行目_問終了,問終了), Problems),
ques.php_1045行目_終了しています,終了しています。右上の×ボタンを押して終了してください。,"You have finished. Close by pressing the ""X"" button in the top right.",
ques.php_1058行目_終了ですお疲れ様でした,終了です。お疲れ様でした。,You are finished. Good work.,
ques.php_1062行目_採点を行います,採点を行います。,Grading will now begin.,
ques.php_1074行目_書き込みを行ってください2,次の画面で一度右下の終了ボタンを押して書き込みを行ってください。(現在,"On the next screen, Press the ""Exit"" button in the bottom right to save your data. (Currently finished",
ques.php_1512行目_スタート,スタート,Start,
ques.php_1517行目_決定,決定,Submit,
ques.php_1541行目_次の問題,次の問題,Next Problem,
ques.php_1546行目_問題へ,問題へ,To Problems,
ques.php_1551行目_終了,終了,Exit,
ques.php_1554行目_日本文,日本文,Japanese Sentence,
ques.php_1556行目_ここに訳文が表示されます,ここに訳文が表示されます,The translation sentence will be displayed here.,
ques.php_1559行目_ここに正解を表示,ここに正解を表示,The correct answer will be displayed here.,
ques.php_1562行目_正誤を表示,正誤を表示,Result will be displayed here.,
ques.php_1565行目_解答時間,解答時間,Answer Time,
ques.php_1568行目_操作説明,*操作説明,*Instructions,
ques.php_1570行目_単語の移動,単語の移動：ドラッグ＆ドロップ,Move words: Drag & Drop,
ques.php_1571行目_グループ化,グループ化：単語がないところでドラッグ,Group words: Drag in an empty area,
ques.php_1573行目_単語退避レジスタ,単語退避レジスタ,Word Registers,
ques.php_1582行目_解答欄,解答欄,Answer Area,
ques.php_1586行目_問題提示欄,問題提示欄,Problem Area,
ques.php_1590行目_迷った単語をクリックしてください,迷った単語をクリックしてください。,Click on the word(s) you hesitated on.,
ques.php_1592行目_かなり迷った,かなり迷った,Hesitated a lot,
ques.php_1594行目_少し迷った,少し迷った,Hesitated a little,
ques.php_1600行目_自由にご記入ください,"自由にご記入ください。(※改行と「""」は使用不可)",Write freely. (Line breaks and quotes are not allowed),
ques.php_1606行目_全体的にわからなかった,全体的にわからなかった,I did not understand it at all.,
ques.php_1622行目_例題,例題,Example,
ques.php_1629行目_解答の迷い度,解答の迷い度,Degree of Hesitation,
ques.php_1633行目_迷い度を選択してください,迷い度を選択してください(変更可能),Select your level of hesitation (can be changed).,
ques.php_1634行目_ほとんど迷わなかった,・ほとんど迷わなかった,・not hesitated,
ques.php_1635行目_少し迷った,・少し迷った,・hesitated a little,
ques.php_1636行目_かなり迷った,・かなり迷った,・hesitated a lot,
ques.php_1637行目_誤って決定ボタンを押した,・誤って決定ボタンを押した,・Pressed the submit button by mistake,
不明な文法項目,不明な文法項目,An unclear grammatical point,
英文,英文,English Sentrence,
teachertrue.php_description_notaccuracy,問題の不正解率を示します。割合が高いほど、不正解が多いことを意味します。,Indicates the incorrect answer rate for the problem. A higher percentage means more incorrect answers.,
teachertrue.php_description_Time,問題解答にかかった時間。長いほど迷いが生じた可能性を示唆します。,The time taken to answer the problem. A longer time suggests a higher possibility of hesitation.,
teachertrue.php_description_distance,問題解答中にマウスカーソルを移動した距離（ピクセル単位）。長いほど迷いを示唆します。,The distance the mouse cursor moved (in pixels) while answering the problem. A longer distance suggests hesitation.,
teachertrue.php_description_averageSpeed,問題解答中のマウスカーソルの速度の平均。遅いほど迷いが生じている可能性を示唆します。,The average speed of the mouse cursor while answering. A slower speed suggests a higher possibility of hesitation.,
teachertrue.php_description_maxSpeed,問題解答中のマウスカーソルの速度の最大値。遅いほど迷いが生じている可能性を示唆します。,The maximum speed of the mouse cursor while answering. A slower speed suggests a higher possibility of hesitation.,
teachertrue.php_description_thinkingTime,解答開始から最初のドラッグが行われるまでの時間。長いほど、学習者が解答を始めるまでに頭の中で思考している可能性を示唆します。,The time from the start of the answer to the first drag. A longer time suggests the learner may be thinking through the answer before starting.,
teachertrue.php_description_answeringTime,最初のドラッグから解答終了までの時間。長いほど、迷いが生じた可能性を示唆します。,The time from the first drag to the end of the answer. A longer time suggests a higher possibility of hesitation.,
teachertrue.php_description_totalStopTime,マウスカーソルが静止していた時間の合計値。長いほど、迷いが生じた際にマウスから手を放して考慮している癖があると考えられます。,"The total time the mouse cursor was stationary. A longer duration may indicate a habit of pausing to think, possibly due to hesitation.",
teachertrue.php_description_maxStopTime,マウスカーソルが静止していた時間の最大値。長いほど、迷いが生じた際にマウスから手を放して考慮している癖があると考えられます。,"The maximum time the mouse cursor was stationary. A longer duration may indicate a habit of pausing to think, possibly due to hesitation.",
teachertrue.php_description_totalDDIntervalTime,D&D(ドラッグ＆ドロップ)から次のD&Dまでの時間の合計値。これが長いほど、単語と単語の選択の間が長く、迷いが生じている可能性を示唆します。,"The total time between one Drag & Drop (D&D) and the next. A longer time suggests a longer pause between selecting words, indicating possible hesitation.",
teachertrue.php_description_maxDDIntervalTime,D&D(ドラッグ＆ドロップ)から次のD&Dまでの時間の最大値。これが長いほど、単語と単語の選択の間が長く、迷いが生じている可能性を示唆します。,"The maximum time between one Drag & Drop (D&D) and the next. A longer time suggests a longer pause between selecting words, indicating possible hesitation.",
teachertrue.php_description_maxDDTime,D&D(ドラッグ＆ドロップ)中の時間の合計値。長いほど、迷いが生じた際にドラッグしながら迷っている可能性を示唆します。,The total time spent during Drag & Drop (D&D) operations. A longer duration may suggest hesitation while dragging words.,
teachertrue.php_description_minDDTime,D&D(ドラッグ＆ドロップ)中の時間の最小値。これが長いほど、迷いが生じた際にドラッグしながら迷っている可能性を示唆します。,The minimum time spent during a Drag & Drop (D&D) operation. A longer duration may suggest hesitation while dragging words.,
teachertrue.php_description_DDCount,D&D(ドラッグ＆ドロップ)が行われた回数。多いほど、迷いが生じた際に単語のドラッグ＆ドロップ操作が多くなっている可能性を示唆します。,The number of Drag & Drop (D&D) operations performed. A higher count may suggest more frequent D&D actions due to hesitation.,
teachertrue.php_description_groupingDDCount,グルーピングが使用された回数。多いほど、迷いの際にグループ化機能を使用した回数が多いことを示唆します。軌跡再現でグループ化された単語のチャンクを見ることで、学習者の理解している単語群を知ることが出来る可能性があります。,"The number of times grouping was used. A higher count suggests more frequent use of the grouping feature during hesitation. By viewing the grouped word chunks in the trajectory replay, it may be possible to understand which word groups the learner comprehends.",
teachertrue.php_description_groupingCountbool,グルーピング機能の使用の有無。使用しているほど、迷いが発生した際はグループ化機能を使用していることが考えられます。,Indicates whether the grouping feature was used. Its use may suggest that the learner uses the grouping feature when hesitating.,
teachertrue.php_description_xUturnCount,横軸方向にUターンが行われた回数。多いほど、迷いが生じた際にマウスの左右の移動を行い、問題文等の読み直しや深く考えている可能性を示唆します。,"The number of U-turns made in the horizontal direction. A higher count may suggest horizontal mouse movement, rereading the problem statement, or deep thought due to hesitation.",
teachertrue.php_description_yUturnCount,縦軸方向にUターンが行われた回数。多いほど、迷いが生じた際にマウスの上下の移動を行い、レジスタの活用や深く考えている可能性を示唆します。,"The number of U-turns made in the vertical direction. A higher count may suggest vertical mouse movement, use of the register, or deep thought due to hesitation.",
teachertrue.php_description_register_move_count1,マウスカーソルがレジスタからレジスタに移動した回数。多いほど、迷いに起因している可能性があります。これは迷いの際にレジスタを使用し、単語をチャンク単位で分割して考えている可能性があります。,"The number of times the mouse cursor moved from one register to another. A higher count may be due to hesitation, possibly indicating that the learner is using registers to think about words in separate chunks.",
teachertrue.php_description_register_move_count2,マウスカーソルがレジスタからレジスタ外に移動した回数。多いほど、迷いに起因している可能性があります。これは迷いの際にレジスタを使用し、単語をチャンク単位で分割して考えている可能性があります。,"The number of times the mouse cursor moved from a register to outside the register area. A higher count may be due to hesitation, possibly indicating that the learner is using registers to think about words in separate chunks.",
teachertrue.php_description_register_move_count3,マウスカーソルがレジスタ外からレジスタに移動した回数。多いほど、迷いに起因している可能性があります。これは迷いの際にレジスタを使用し、単語をチャンク単位で分割して考えている可能性があります。,"The number of times the mouse cursor moved from outside the register area to a register. A higher count may be due to hesitation, possibly indicating that the learner is using registers to think about words in separate chunks.",
teachertrue.php_description_register01count1,マウスカーソルがレジスタからレジスタに移動したかの有無。使用しているほど、迷いに起因している可能性があります。これは迷いの際にレジスタを使用し、単語をチャンク単位で分割して考えている可能性があります。,"Indicates whether the mouse cursor moved from one register to another. Its use may be due to hesitation, possibly indicating that the learner is using registers to think about words in separate chunks.",
teachertrue.php_description_register01count2,マウスカーソルがレジスタからレジスタ外に移動したかの有無。使用しているほど、迷いに起因している可能性があります。これは迷いの際にレジスタを使用し、単語をチャンク単位で分割して考えている可能性があります。,"Indicates whether the mouse cursor moved from a register to outside the register area. Its use may be due to hesitation, possibly indicating that the learner is using registers to think about words in separate chunks.",
teachertrue.php_description_register01count3,マウスカーソルがレジスタ外からレジスタに移動したかの有無。使用しているほど、迷いに起因している可能性があります。これは迷いの際にレジスタを使用し、単語をチャンク単位で分割して考えている可能性があります。,"Indicates whether the mouse cursor moved from outside the register area to a register. Its use may be due to hesitation, possibly indicating that the learner is using registers to think about words in separate chunks.",
teachertrue.php_description_registerDDCount,レジスタを触れた移動回数の合計。多いほど、迷いに起因している可能性があります。これは迷いの際にレジスタを使用し、単語をチャンク単位で分割して考えている可能性があります。,"The total number of movements involving the registers. A higher count may be due to hesitation, possibly indicating that the learner is using registers to think about words in separate chunks.",
teachertrue.php_description_xUturnCountDD,D&D(ドラッグ＆ドロップ)中に横軸方向にUターンが行われた回数。多いほど、迷いに起因している可能性があります。,The number of horizontal U-turns made during a Drag & Drop (D&D) operation. A higher count may be caused by hesitation.,
teachertrue.php_description_yUturnCountDD,D&D(ドラッグ＆ドロップ)中に縦軸方向にUターンが行われた回数。多いほど、迷いに起因している可能性があります。,The number of vertical U-turns made during a Drag & Drop (D&D) operation. A higher count may be caused by hesitation.,
teachertrue.php_description_FromlastdropToanswerTime,最終ドロップから解答終了までの時間。長いほど、迷いに起因している可能性があります。これは解答文を並べ替えた後によく注意してから決定ボタンを押している可能性があります。,"The time from the last drop to the end of the answer. A longer time may be due to hesitation, possibly indicating that the learner is carefully reviewing the sentence after arranging it before pressing the submit button.",
machineLearning_sample.php_description_notAccuracy,問題の不正解率を示します。割合が高いほど、不正解が多いことを意味します。,Indicates the incorrect answer rate for the problem. A higher percentage means more incorrect answers.,
machineLearning_sample.php_description_notaccuracy,問題の不正解率を示します。割合が高いほど、不正解が多いことを意味します。,Indicates the incorrect answer rate for the problem. A higher percentage means more incorrect answers.,
machineLearning_sample.php_description_stopcount,問題解答中にマウスが止まった回数。多いほど迷いが生じている可能性を示唆します。,The number of times the mouse stopped while answering the problem. A higher count suggests a higher possibility of hesitation.,
machineLearning_sample.php_description_Time,問題解答にかかった時間。長いほど迷いが生じた可能性を示唆します。,The time taken to answer the problem. A longer time suggests a higher possibility of hesitation.,
machineLearning_sample.php_description_distance,問題解答中にマウスカーソルを移動した距離（ピクセル単位）。長いほど迷いを示唆します。,The distance the mouse cursor moved (in pixels) while answering the problem. A longer distance suggests hesitation.,
machineLearning_sample.php_description_averageSpeed,問題解答中のマウスカーソルの速度の平均。遅いほど迷いが生じている可能性を示唆します。,The average speed of the mouse cursor while answering. A slower speed suggests a higher possibility of hesitation.,
machineLearning_sample.php_description_maxSpeed,問題解答中のマウスカーソルの速度の最大値。遅いほど迷いが生じている可能性を示唆します。,The maximum speed of the mouse cursor while answering. A slower speed suggests a higher possibility of hesitation.,
machineLearning_sample.php_description_thinkingTime,解答開始から最初のドラッグが行われるまでの時間。長いほど、学習者が解答を始めるまでに頭の中で思考している可能性を示唆します。,The time from the start of the answer to the first drag. A longer time suggests the learner may be thinking through the answer before starting.,
machineLearning_sample.php_description_answeringTime,最初のドラッグから解答終了までの時間。長いほど、迷いが生じた可能性を示唆します。,The time from the first drag to the end of the answer. A longer time suggests a higher possibility of hesitation.,
machineLearning_sample.php_description_totalStopTime,マウスカーソルが静止していた時間の合計値。長いほど、迷いが生じた際にマウスから手を放して考慮している癖があると考えられます。,"The total time the mouse cursor was stationary. A longer duration may indicate a habit of pausing to think, possibly due to hesitation.",
machineLearning_sample.php_description_maxStopTime,マウスカーソルが静止していた時間の最大値。長いほど、迷いが生じた際にマウスから手を放して考慮している癖があると考えられます。,"The maximum time the mouse cursor was stationary. A longer duration may indicate a habit of pausing to think, possibly due to hesitation.",
machineLearning_sample.php_description_totalDDIntervalTime,D&D(ドラッグ＆ドロップ)から次のD&Dまでの時間の合計値。これが長いほど、単語と単語の選択の間が長く、迷いが生じている可能性を示唆します。,"The total time between one Drag & Drop (D&D) and the next. A longer time suggests a longer pause between selecting words, indicating possible hesitation.",
machineLearning_sample.php_description_maxDDIntervalTime,D&D(ドラッグ＆ドロップ)から次のD&Dまでの時間の最大値。これが長いほど、単語と単語の選択の間が長く、迷いが生じている可能性を示唆します。,"The maximum time between one Drag & Drop (D&D) and the next. A longer time suggests a longer pause between selecting words, indicating possible hesitation.",
machineLearning_sample.php_description_maxDDTime,D&D(ドラッグ＆ドロップ)中の時間の合計値。長いほど、迷いが生じた際にドラッグしながら迷っている可能性を示唆します。,The total time spent during Drag & Drop (D&D) operations. A longer duration may suggest hesitation while dragging words.,
machineLearning_sample.php_description_minDDTime,D&D(ドラッグ＆ドロップ)中の時間の最小値。これが長いほど、迷いが生じた際にドラッグしながら迷っている可能性を示唆します。,The minimum time spent during a Drag & Drop (D&D) operation. A longer duration may suggest hesitation while dragging words.,
machineLearning_sample.php_description_DDCount,D&D(ドラッグ＆ドロップ)が行われた回数。多いほど、迷いが生じた際に単語のドラッグ＆ドロップ操作が多くなっている可能性を示唆します。,The number of Drag & Drop (D&D) operations performed. A higher count may suggest more frequent D&D actions due to hesitation.,
machineLearning_sample.php_description_groupingDDCount,グルーピングが使用された回数。多いほど、迷いの際にグループ化機能を使用した回数が多いことを示唆します。軌跡再現でグループ化された単語のチャンクを見ることで、学習者の理解している単語群を知ることが出来る可能性があります。,"The number of times grouping was used. A higher count suggests more frequent use of the grouping feature during hesitation. By viewing the grouped word chunks in the trajectory replay, it may be possible to understand which word groups the learner comprehends.",
machineLearning_sample.php_description_groupingCountbool,グルーピング機能の使用の有無。使用しているほど、迷いが発生した際はグループ化機能を使用していることが考えられます。,Indicates whether the grouping feature was used. Its use may suggest that the learner uses the grouping feature when hesitating.,
machineLearning_sample.php_description_xUturnCount,横軸方向にUターンが行われた回数。多いほど、迷いが生じた際にマウスの左右の移動を行い、問題文等の読み直しや深く考えている可能性を示唆します。,"The number of U-turns made in the horizontal direction. A higher count may suggest horizontal mouse movement, rereading the problem statement, or deep thought due to hesitation.",
machineLearning_sample.php_description_yUturnCount,縦軸方向にUターンが行われた回数。多いほど、迷いが生じた際にマウスの上下の移動を行い、レジスタの活用や深く考えている可能性を示唆します。,"The number of U-turns made in the vertical direction. A higher count may suggest vertical mouse movement, use of the register, or deep thought due to hesitation.",
machineLearning_sample.php_description_register_move_count1,マウスカーソルがレジスタからレジスタに移動した回数。多いほど、迷いに起因している可能性があります。これは迷いの際にレジスタを使用し、単語をチャンク単位で分割して考えている可能性があります。,"The number of times the mouse cursor moved from one register to another. A higher count may be due to hesitation, possibly indicating that the learner is using registers to think about words in separate chunks.",
machineLearning_sample.php_description_register_move_count2,マウスカーソルがレジスタからレジスタ外に移動した回数。多いほど、迷いに起因している可能性があります。これは迷いの際にレジスタを使用し、単語をチャンク単位で分割して考えている可能性があります。,"The number of times the mouse cursor moved from a register to outside the register area. A higher count may be due to hesitation, possibly indicating that the learner is using registers to think about words in separate chunks.",
machineLearning_sample.php_description_register_move_count3,マウスカーソルがレジスタ外からレジスタに移動した回数。多いほど、迷いに起因している可能性があります。これは迷いの際にレジスタを使用し、単語をチャンク単位で分割して考えている可能性があります。,"The number of times the mouse cursor moved from outside the register area to a register. A higher count may be due to hesitation, possibly indicating that the learner is using registers to think about words in separate chunks.",
machineLearning_sample.php_description_register01count1,マウスカーソルがレジスタからレジスタに移動したかの有無。使用しているほど、迷いに起因している可能性があります。これは迷いの際にレジスタを使用し、単語をチャンク単位で分割して考えている可能性があります。,"Indicates whether the mouse cursor moved from one register to another. Its use may be due to hesitation, possibly indicating that the learner is using registers to think about words in separate chunks.",
machineLearning_sample.php_description_register01count2,マウスカーソルがレジスタからレジスタ外に移動したかの有無。使用しているほど、迷いに起因している可能性があります。これは迷いの際にレジスタを使用し、単語をチャンク単位で分割して考えている可能性があります。,"Indicates whether the mouse cursor moved from a register to outside the register area. Its use may be due to hesitation, possibly indicating that the learner is using registers to think about words in separate chunks.",
machineLearning_sample.php_description_register01count3,マウスカーソルがレジスタ外からレジスタに移動したかの有無。使用しているほど、迷いに起因している可能性があります。これは迷いの際にレジスタを使用し、単語をチャンク単位で分割して考えている可能性があります。,"Indicates whether the mouse cursor moved from outside the register area to a register. Its use may be due to hesitation, possibly indicating that the learner is using registers to think about words in separate chunks.",
machineLearning_sample.php_description_registerDDCount,レジスタを触れた移動回数の合計。多いほど、迷いに起因している可能性があります。これは迷いの際にレジスタを使用し、単語をチャンク単位で分割して考えている可能性があります。,"The total number of movements involving the registers. A higher count may be due to hesitation, possibly indicating that the learner is using registers to think about words in separate chunks.",
machineLearning_sample.php_description_xUturnCountDD,D&D(ドラッグ＆ドロップ)中に横軸方向にUターンが行われた回数。多いほど、迷いに起因している可能性があります。,The number of horizontal U-turns made during a Drag & Drop (D&D) operation. A higher count may be caused by hesitation.,
machineLearning_sample.php_description_yUturnCountDD,D&D(ドラッグ＆ドロップ)中に縦軸方向にUターンが行われた回数。多いほど、迷いに起因している可能性があります。,The number of vertical U-turns made during a Drag & Drop (D&D) operation. A higher count may be caused by hesitation.,
machineLearning_sample.php_description_FromlastdropToanswerTime,最終ドロップから解答終了までの時間。長いほど、迷いに起因している可能性があります。これは解答文を並べ替えた後によく注意してから決定ボタンを押している可能性があります。,"The time from the last drop to the end of the answer. A longer time may be due to hesitation, possibly indicating that the learner is carefully reviewing the sentence after arranging it before pressing the submit button.",
machineLearning_sample.php_description_hesitation,問題解答中に迷いが発生した割合を示します。割合が高いほど、迷っていることを意味します。,Indicates the rate of hesitation that occurred while answering the problem. A higher percentage means more hesitation.,
submit-register-classteacher.php_5行目_クラス管理処理,クラス管理処理,Class Management Process,
submit-register-classteacher.php_14行目_英単語並べ替え問題LMS,英単語並べ替え問題LMS,English Word Reordering Problem LMS,
submit-register-classteacher.php_25行目_ホーム,ホーム,Home,
submit-register-classteacher.php_31行目_登録結果,登録結果,Registration Result,
submit-register-classteacher.php_34行目_エラー: ログインしていません。,エラー: ログインしていません。,Error: Not logged in.,
submit-register-classteacher.php_51行目_新しいクラス,新しいクラス,New class,
submit-register-classteacher.php_51行目_を作成しました。,を作成しました。,was created.,
submit-register-classteacher.php_53行目_新しいクラスの作成に失敗しました: ,新しいクラスの作成に失敗しました: ,Failed to create new class: ,
submit-register-classteacher.php_62行目_既存のクラス関連付けの削除に失敗しました: ,既存のクラス関連付けの削除に失敗しました: ,Failed to delete existing class associations: ,
submit-register-classteacher.php_79行目_クラスの関連付けに失敗しました (ClassID: ,クラスの関連付けに失敗しました (ClassID: ,Failed to associate class (ClassID: ,
submit-register-classteacher.php_82行目_件のクラスを,件のクラスを,classes were,
submit-register-classteacher.php_82行目_先生に関連付けました。,先生に関連付けました。,associated with the teacher.,
submit-register-classteacher.php_85行目_すべてのクラスの関連付けを解除しました。,すべてのクラスの関連付けを解除しました。,All class associations have been removed.,
submit-register-classteacher.php_89行目_クラス情報が正常に更新されました。,クラス情報が正常に更新されました。,Class information has been updated successfully.,
submit-register-classteacher.php_93行目_エラーが発生したため、処理を中断しました。,エラーが発生したため、処理を中断しました。,An error occurred and the process was aborted.,
submit-register-classteacher.php_97行目_無効なリクエストです。,無効なリクエストです。,Invalid request.,
submit-register-classteacher.php_100行目_ホーム画面に戻る,ホーム画面に戻る,Return to Home,
register-classteacher.php_5行目_クラス管理,クラス管理,Class Management,
register-classteacher.php_15行目_ログインしてください。,ログインしてください。,Please log in.,
register-classteacher.php_21行目_英単語並べ替え問題LMS,英単語並べ替え問題LMS,English Word Reordering Problem LMS,
register-classteacher.php_32行目_ホーム,ホーム,Home,
register-classteacher.php_38行目_クラス管理,クラス管理,Class Management,
register-classteacher.php_39行目_ログイン中の教師ID,ログイン中の教師ID,Logged-in Teacher ID,
register-classteacher.php_44行目_新しいクラスを作成,新しいクラスを作成,Create a New Class,
register-classteacher.php_45行目_クラス名,クラス名,Class Name,
register-classteacher.php_46行目_クラス名を入力してください,クラス名を入力,Enter the class name,
register-classteacher.php_52行目_担当クラスの選択,担当クラスの選択,Select Classes in Charge,
register-classteacher.php_53行目_担当する全てのクラスにチェックを入れてください。,担当する全てのクラスにチェックを入れてください。,Check all the classes you are in charge of.,
register-classteacher.php_80行目_登録されているクラスがありません。,登録されているクラスがありません。,There are no registered classes.,
register-classteacher.php_85行目_更新,更新,Update,
